country,year,cdr,source,un_note
Albania,1960,0.5,Eurostat,
Albania,1961,0.80000001,Eurostat,
Albania,1962,0.69999999,Eurostat,
Albania,1963,0.60000002,Eurostat,
Albania,1964,0.60000002,Eurostat,
Albania,1965,0.60000002,Eurostat,
Albania,1966,0.60000002,Eurostat,
Albania,1967,0.69999999,Eurostat,
Albania,1968,0.89999998,Eurostat,
Albania,1969,0.80000001,Eurostat,
Albania,1970,0.80000001,Eurostat,
Albania,1971,0.80000001,Eurostat,
Albania,1972,0.80000001,Eurostat,
Albania,1973,0.80000001,Eurostat,
Albania,1974,0.80000001,Eurostat,
Albania,1975,0.80000001,Eurostat,
Albania,1976,0.80000001,Eurostat,
Albania,1977,0.80000001,Eurostat,
Albania,1978,0.69999999,Eurostat,
Albania,1979,0.69999999,Eurostat,
Albania,1980,0.80000001,Eurostat,
Albania,1981,0.80000001,Eurostat,
Albania,1982,0.80000001,Eurostat,
Albania,1983,0.80000001,Eurostat,
Albania,1984,0.80000001,Eurostat,
Albania,1985,0.80000001,Eurostat,
Albania,1986,0.80000001,Eurostat,
Albania,1987,0.80000001,Eurostat,
Albania,1988,0.80000001,Eurostat,
Albania,1989,0.80000001,Eurostat,
Albania,1990,0.80000001,Eurostat,
Albania,1991,0.69999999,Eurostat,
Albania,1992,0.69999999,Eurostat,
Albania,1993,0.69999999,Eurostat,
Albania,1994,0.69999999,Eurostat,
Albania,1995,0.69999999,Eurostat,
Albania,1996,0.60000002,Eurostat,
Albania,1997,0.40000001,Eurostat,
Albania,1998,0.60000002,Eurostat,
Albania,1999,0.69999999,Eurostat,
Albania,2000,0.69999999,Eurostat,
Albania,2001,0.80000001,Eurostat,
Albania,2002,1.1,Eurostat,
Albania,2003,1.2,Eurostat,
Albania,2004,0.89999998,Eurostat,
Albania,2005,1.3,Eurostat,
Albania,2006,1.3,Eurostat,
Albania,2007,1,Eurostat,
Albania,2008,1.1,Eurostat,
Albania,2014,1.5,Eurostat,
Albania,2015,1.3,Eurostat,
Albania,2016,1.9,Eurostat,
Albania,2017,1.6,Eurostat,
Armenia,1970,1,Eurostat,
Armenia,1985,1.1,Eurostat,
Armenia,1995,0.69999999,Eurostat,
Armenia,2004,0.60000002,Eurostat,
Armenia,2005,0.80000001,Eurostat,
Armenia,2006,0.89999998,Eurostat,
Armenia,2007,0.89999998,Eurostat,
Armenia,2008,0.89999998,Eurostat,
Armenia,2009,0.89999998,Eurostat,
Armenia,2010,0.89999998,Eurostat,
Armenia,2011,1,Eurostat,
Armenia,2015,1.2,Eurostat,
Armenia,2016,1.2,Eurostat,
Australia,1970,1,OECD,
Australia,1980,2.7,OECD,
Australia,1981,2.8,OECD,
Australia,1982,2.9000001,OECD,
Australia,1983,2.8,OECD,
Australia,1984,2.8,OECD,
Australia,1985,2.5,OECD,
Australia,1986,2.5,OECD,
Australia,1987,2.4000001,OECD,
Australia,1988,2.5,OECD,
Australia,1989,2.5,OECD,
Australia,1990,2.5,OECD,
Australia,1991,2.5999999,OECD,
Australia,1992,2.5999999,OECD,
Australia,1993,2.7,OECD,
Australia,1994,2.7,OECD,
Australia,1995,2.8,OECD,
Australia,1996,2.9000001,OECD,
Australia,1997,2.8,OECD,
Australia,1998,2.7,OECD,
Australia,1999,2.8,OECD,
Australia,2000,2.5999999,OECD,
Australia,2001,2.8,OECD,
Australia,2002,2.7,OECD,
Australia,2003,2.7,OECD,
Australia,2004,2.5999999,OECD,
Australia,2005,2.5999999,OECD,
Australia,2006,2.5,OECD,
Australia,2007,2.3,OECD,
Australia,2008,2.2,OECD,
Australia,2009,2.3,OECD,
Australia,2010,2.3,OECD,
Australia,2011,2.2,OECD,
Australia,2012,2.2,OECD,
Australia,2013,2.0999999,OECD,
Australia,2014,2,OECD,
Australia,2015,2,OECD,
Australia,2016,1.9,OECD,
Australia,2017,2,OECD,
Austria,1960,1.1,Eurostat,
Austria,1961,1.1,Eurostat,
Austria,1962,1.1,Eurostat,
Austria,1963,1.1,Eurostat,
Austria,1964,1.2,Eurostat,
Austria,1965,1.2,Eurostat,
Austria,1966,1.2,Eurostat,
Austria,1967,1.2,Eurostat,
Austria,1968,1.3,Eurostat,
Austria,1969,1.3,Eurostat,
Austria,1970,1.4,Eurostat,
Austria,1971,1.3,Eurostat,
Austria,1972,1.3,Eurostat,
Austria,1973,1.3,Eurostat,
Austria,1974,1.4,Eurostat,
Austria,1975,1.4,Eurostat,
Austria,1976,1.5,Eurostat,
Austria,1977,1.5,Eurostat,
Austria,1978,1.6,Eurostat,
Austria,1979,1.7,Eurostat,
Austria,1980,1.8,Eurostat,
Austria,1981,1.8,Eurostat,
Austria,1982,1.9,Eurostat,
Austria,1983,1.9,Eurostat,
Austria,1984,2,Eurostat,
Austria,1985,2,Eurostat,
Austria,1986,1.9,Eurostat,
Austria,1987,1.9,Eurostat,
Austria,1988,2,Eurostat,
Austria,1989,2,Eurostat,
Austria,1990,2.0999999,Eurostat,
Austria,1991,2.0999999,Eurostat,
Austria,1992,2.0999999,Eurostat,
Austria,1993,2.0999999,Eurostat,
Austria,1994,2.0999999,Eurostat,
Austria,1995,2.3,Eurostat,
Austria,1996,2.3,Eurostat,
Austria,1997,2.3,Eurostat,
Austria,1998,2.2,Eurostat,
Austria,1999,2.3,Eurostat,
Austria,2000,2.4000001,Eurostat,
Austria,2001,2.5999999,Eurostat,
Austria,2002,2.5,Eurostat,
Austria,2003,2.3,Eurostat,
Austria,2004,2.4000001,Eurostat,
Austria,2005,2.4000001,Eurostat,
Austria,2006,2.5,Eurostat,
Austria,2007,2.5,Eurostat,
Austria,2008,2.4000001,Eurostat,
Austria,2009,2.3,Eurostat,
Austria,2010,2.0999999,Eurostat,
Austria,2011,2.0999999,Eurostat,
Austria,2012,2,Eurostat,
Austria,2013,1.9,Eurostat,
Austria,2014,1.9,Eurostat,
Austria,2015,1.9,Eurostat,
Austria,2016,1.8,Eurostat,
Austria,2017,1.8,Eurostat,
Azerbaijan,1970,1.3,Eurostat,
Azerbaijan,1985,1.2,Eurostat,
Azerbaijan,1995,0.69999999,Eurostat,
Azerbaijan,2004,0.80000001,Eurostat,
Azerbaijan,2005,1.1,Eurostat,
Azerbaijan,2006,0.89999998,Eurostat,
Azerbaijan,2007,1,Eurostat,
Azerbaijan,2008,0.89999998,Eurostat,
Azerbaijan,2009,0.89999998,Eurostat,
Azerbaijan,2010,1,Eurostat,
Azerbaijan,2011,1.2,Eurostat,
Azerbaijan,2012,1.2,Eurostat,
Azerbaijan,2013,1.2,Eurostat,
Azerbaijan,2014,1.3,Eurostat,
Azerbaijan,2015,1.3,Eurostat,
Azerbaijan,2016,1.3,Eurostat,
Azerbaijan,2017,1.5,Eurostat,
Belarus,1970,1.9,Eurostat,
Belarus,1985,3.0999999,Eurostat,
Belarus,1995,4.0999999,Eurostat,
Belarus,2004,3,Eurostat,
Belarus,2005,3.0999999,Eurostat,
Belarus,2006,3.3,Eurostat,
Belarus,2007,3.7,Eurostat,
Belarus,2008,3.8,Eurostat,
Belarus,2009,3.7,Eurostat,
Belarus,2010,3.9000001,Eurostat,
Belarus,2011,4.0999999,Eurostat,
Belarus,2012,4.0999999,Eurostat,
Belarus,2013,3.8,Eurostat,
Belarus,2014,3.7,Eurostat,
Belarus,2015,3.5,Eurostat,
Belarus,2016,3.4000001,Eurostat,
Belarus,2017,3.4000001,Eurostat,
Belgium,1960,0.5,Eurostat,
Belgium,1961,0.5,Eurostat,
Belgium,1962,0.5,Eurostat,
Belgium,1963,0.60000002,Eurostat,
Belgium,1964,0.60000002,Eurostat,
Belgium,1965,0.60000002,Eurostat,
Belgium,1966,0.60000002,Eurostat,
Belgium,1967,0.60000002,Eurostat,
Belgium,1968,0.60000002,Eurostat,
Belgium,1969,0.69999999,Eurostat,
Belgium,1970,0.69999999,Eurostat,
Belgium,1971,0.69999999,Eurostat,
Belgium,1972,0.80000001,Eurostat,
Belgium,1973,0.89999998,Eurostat,
Belgium,1974,1,Eurostat,
Belgium,1975,1.1,Eurostat,
Belgium,1976,1.3,Eurostat,
Belgium,1977,1.3,Eurostat,
Belgium,1978,1.4,Eurostat,
Belgium,1979,1.4,Eurostat,
Belgium,1980,1.5,Eurostat,
Belgium,1981,1.6,Eurostat,
Belgium,1982,1.6,Eurostat,
Belgium,1983,1.7,Eurostat,
Belgium,1984,1.9,Eurostat,
Belgium,1985,1.9,Eurostat,
Belgium,1986,1.9,Eurostat,
Belgium,1987,2,Eurostat,
Belgium,1988,2.0999999,Eurostat,
Belgium,1989,2,Eurostat,
Belgium,1990,2,Eurostat,
Belgium,1991,2.0999999,Eurostat,
Belgium,1992,2.2,Eurostat,
Belgium,1993,2.0999999,Eurostat,
Belgium,1994,2.2,Eurostat,
Belgium,1995,3.5,Eurostat,
Belgium,1996,2.8,Eurostat,
Belgium,1997,2.5999999,Eurostat,
Belgium,1998,2.5999999,Eurostat,
Belgium,1999,2.5999999,Eurostat,
Belgium,2000,2.5999999,Eurostat,
Belgium,2001,2.8,Eurostat,
Belgium,2002,3,Eurostat,
Belgium,2003,3,Eurostat,
Belgium,2004,3,Eurostat,
Belgium,2005,2.9000001,Eurostat,
Belgium,2006,2.8,Eurostat,
Belgium,2007,2.8,Eurostat,
Belgium,2008,3.3,Eurostat,
Belgium,2009,3,Eurostat,
Belgium,2010,2.7,Eurostat,
Belgium,2011,2.5,Eurostat,
Belgium,2012,2.3,Eurostat,
Belgium,2013,2.2,Eurostat,
Belgium,2014,2.2,Eurostat,
Belgium,2015,2.2,Eurostat,
Belgium,2016,2.0999999,Eurostat,
Belgium,2017,2,Eurostat,
Bosnia and Herzegovina,1970,0.89999998,Eurostat,
Bosnia and Herzegovina,1985,0.69999999,Eurostat,
Bosnia and Herzegovina,1997,0.5,Eurostat,
Bosnia and Herzegovina,2004,0.40000001,Eurostat,
Bosnia and Herzegovina,2005,0.5,Eurostat,
Bosnia and Herzegovina,2006,0.40000001,Eurostat,
Bosnia and Herzegovina,2007,0.5,Eurostat,
Bosnia and Herzegovina,2008,0.40000001,Eurostat,
Bosnia and Herzegovina,2009,0.40000001,Eurostat,
Bosnia and Herzegovina,2010,0.40000001,Eurostat,
Bosnia and Herzegovina,2012,0.60000002,Eurostat,
Bulgaria,1961,1.1,Eurostat,
Bulgaria,1962,1,Eurostat,
Bulgaria,1963,1,Eurostat,
Bulgaria,1964,1.1,Eurostat,
Bulgaria,1965,1.1,Eurostat,
Bulgaria,1966,1,Eurostat,
Bulgaria,1967,1.2,Eurostat,
Bulgaria,1968,1.2,Eurostat,
Bulgaria,1969,1.1,Eurostat,
Bulgaria,1970,1.2,Eurostat,
Bulgaria,1971,1.1,Eurostat,
Bulgaria,1972,1.2,Eurostat,
Bulgaria,1973,1.3,Eurostat,
Bulgaria,1974,1.3,Eurostat,
Bulgaria,1975,1.3,Eurostat,
Bulgaria,1976,1.3,Eurostat,
Bulgaria,1977,1.5,Eurostat,
Bulgaria,1978,1.4,Eurostat,
Bulgaria,1979,1.4,Eurostat,
Bulgaria,1980,1.5,Eurostat,
Bulgaria,1981,1.5,Eurostat,
Bulgaria,1982,1.5,Eurostat,
Bulgaria,1983,1.6,Eurostat,
Bulgaria,1984,1.5,Eurostat,
Bulgaria,1985,1.6,Eurostat,
Bulgaria,1986,1.1,Eurostat,
Bulgaria,1987,1.3,Eurostat,
Bulgaria,1988,1.4,Eurostat,
Bulgaria,1989,1.4,Eurostat,
Bulgaria,1990,1.3,Eurostat,
Bulgaria,1991,1.3,Eurostat,
Bulgaria,1992,1.1,Eurostat,
Bulgaria,1993,0.89999998,Eurostat,
Bulgaria,1994,0.89999998,Eurostat,
Bulgaria,1995,1.3,Eurostat,
Bulgaria,1996,1.2,Eurostat,
Bulgaria,1997,1.1,Eurostat,
Bulgaria,1998,1.3,Eurostat,
Bulgaria,1999,1.2,Eurostat,
Bulgaria,2000,1.3,Eurostat,
Bulgaria,2001,1.3,Eurostat,
Bulgaria,2002,1.3,Eurostat,
Bulgaria,2003,1.5,Eurostat,
Bulgaria,2004,1.9,Eurostat,
Bulgaria,2005,1.9,Eurostat,
Bulgaria,2006,2,Eurostat,
Bulgaria,2007,2.2,Eurostat,
Bulgaria,2008,1.9,Eurostat,
Bulgaria,2009,1.6,Eurostat,
Bulgaria,2010,1.5,Eurostat,
Bulgaria,2011,1.4,Eurostat,
Bulgaria,2012,1.6,Eurostat,
Bulgaria,2013,1.5,Eurostat,
Bulgaria,2014,1.5,Eurostat,
Bulgaria,2015,1.5,Eurostat,
Bulgaria,2016,1.5,Eurostat,
Bulgaria,2017,1.5,Eurostat,
Canada,1970,1.4,OECD,
Canada,1980,2.5,OECD,
Canada,1981,2.7,OECD,
Canada,1982,2.8,OECD,
Canada,1983,2.7,OECD,
Canada,1984,2.5999999,OECD,
Canada,1985,2.4000001,OECD,
Canada,1986,3,OECD,
Canada,1987,3.5999999,OECD,
Canada,1988,3.0999999,OECD,
Canada,1989,3,OECD,
Canada,1990,2.8,OECD,
Canada,1991,2.8,OECD,
Canada,1992,2.8,OECD,
Canada,1993,2.7,OECD,
Canada,1994,2.7,OECD,
Canada,1995,2.7,OECD,
Canada,1996,2.4000001,OECD,
Canada,1997,2.3,OECD,
Canada,1998,2.3,OECD,
Canada,1999,2.3,OECD,
Canada,2000,2.3,OECD,
Canada,2001,2.3,OECD,
Canada,2002,2.2,OECD,
Canada,2003,2.2,OECD,
Canada,2004,2.2,OECD,
Canada,2005,2.2,OECD,
Canada,2006,2.3,OECD,
Canada,2007,2.2,OECD,
Canada,2008,2.0999999,OECD,
Chile,1995,0.5,OECD,
Chile,1996,0.40000001,OECD,
Chile,1997,0.40000001,OECD,
Chile,1998,0.40000001,OECD,
Chile,1999,0.40000001,OECD,
Chile,2006,0.2,OECD,
Chile,2007,0.1,OECD,
Chile,2008,0.1,OECD,
Chile,2009,0.1,OECD,
Chile,2010,0.1,OECD,
Costa Rica,1970,0.1,OECD,
Costa Rica,1987,1.1,OECD,
Costa Rica,1995,1.5,OECD,
Costa Rica,2005,2.3,OECD,
Costa Rica,2006,2.0999999,OECD,
Costa Rica,2010,2.5,OECD,
Costa Rica,2012,2.5,OECD,
Costa Rica,2013,2.8,OECD,
Costa Rica,2014,2.3,OECD,
Costa Rica,2015,2.0999999,OECD,
Costa Rica,2016,2.7,OECD,
Costa Rica,2017,2.5999999,OECD,
Croatia,1960,1.2,Eurostat,
Croatia,1961,1.2,Eurostat,
Croatia,1962,1.2,Eurostat,
Croatia,1963,1.2,Eurostat,
Croatia,1964,1.2,Eurostat,
Croatia,1965,1.3,Eurostat,
Croatia,1966,1.3,Eurostat,
Croatia,1967,1.1,Eurostat,
Croatia,1968,1.1,Eurostat,
Croatia,1969,1.2,Eurostat,
Croatia,1970,1.2,Eurostat,
Croatia,1971,1.2,Eurostat,
Croatia,1972,1.3,Eurostat,
Croatia,1973,1.3,Eurostat,
Croatia,1974,1.4,Eurostat,
Croatia,1975,1.3,Eurostat,
Croatia,1976,1.3,Eurostat,
Croatia,1977,1.2,Eurostat,
Croatia,1978,1.3,Eurostat,
Croatia,1979,1.1,Eurostat,
Croatia,1980,1.2,Eurostat,
Croatia,1981,1.2,Eurostat,
Croatia,1982,1.2,Eurostat,
Croatia,1983,1.1,Eurostat,
Croatia,1984,1.1,Eurostat,
Croatia,1985,1.1,Eurostat,
Croatia,1986,1.3,Eurostat,
Croatia,1987,1.2,Eurostat,
Croatia,1988,1.2,Eurostat,
Croatia,1989,1.1,Eurostat,
Croatia,1990,1.1,Eurostat,
Croatia,1991,1,Eurostat,
Croatia,1992,0.80000001,Eurostat,
Croatia,1993,1,Eurostat,
Croatia,1994,1,Eurostat,
Croatia,1995,0.89999998,Eurostat,
Croatia,1996,0.80000001,Eurostat,
Croatia,1997,0.89999998,Eurostat,
Croatia,1998,0.89999998,Eurostat,
Croatia,1999,0.80000001,Eurostat,
Croatia,2000,1,Eurostat,
Croatia,2001,1.1,Eurostat,
Croatia,2002,1,Eurostat,
Croatia,2003,1.1,Eurostat,
Croatia,2004,1.2,Eurostat,
Croatia,2005,1.1,Eurostat,
Croatia,2006,1.1,Eurostat,
Croatia,2007,1.1,Eurostat,
Croatia,2008,1.2,Eurostat,
Croatia,2009,1.2,Eurostat,
Croatia,2010,1.2,Eurostat,
Croatia,2011,1.3,Eurostat,
Croatia,2012,1.3,Eurostat,
Croatia,2013,1.4,Eurostat,
Croatia,2014,1.4,Eurostat,
Croatia,2015,1.4,Eurostat,
Croatia,2016,1.7,Eurostat,
Croatia,2017,1.5,Eurostat,
Cyprus,1964,0.2,Eurostat,
Cyprus,1965,0.2,Eurostat,
Cyprus,1966,0.2,Eurostat,
Cyprus,1967,0.2,Eurostat,
Cyprus,1968,0.2,Eurostat,
Cyprus,1969,0.2,Eurostat,
Cyprus,1970,0.2,Eurostat,
Cyprus,1971,0.30000001,Eurostat,
Cyprus,1972,0.2,Eurostat,
Cyprus,1973,0.2,Eurostat,
Cyprus,1974,0.2,Eurostat,
Cyprus,1975,0.2,Eurostat,
Cyprus,1976,0.2,Eurostat,
Cyprus,1977,0.30000001,Eurostat,
Cyprus,1978,0.30000001,Eurostat,
Cyprus,1979,0.30000001,Eurostat,
Cyprus,1980,0.30000001,Eurostat,
Cyprus,1981,0.30000001,Eurostat,
Cyprus,1982,0.40000001,Eurostat,
Cyprus,1983,0.5,Eurostat,
Cyprus,1984,0.5,Eurostat,
Cyprus,1985,0.5,Eurostat,
Cyprus,1986,0.5,Eurostat,
Cyprus,1987,0.60000002,Eurostat,
Cyprus,1988,0.60000002,Eurostat,
Cyprus,1989,0.60000002,Eurostat,
Cyprus,1990,0.60000002,Eurostat,
Cyprus,1991,0.5,Eurostat,
Cyprus,1992,0.69999999,Eurostat,
Cyprus,1993,0.80000001,Eurostat,
Cyprus,1994,0.89999998,Eurostat,
Cyprus,1995,1.2,Eurostat,
Cyprus,1996,1.1,Eurostat,
Cyprus,1997,1.3,Eurostat,
Cyprus,1998,1.3,Eurostat,
Cyprus,1999,1.7,Eurostat,
Cyprus,2000,1.7,Eurostat,
Cyprus,2001,1.7,Eurostat,
Cyprus,2002,1.9,Eurostat,
Cyprus,2003,2,Eurostat,
Cyprus,2004,2.2,Eurostat,
Cyprus,2005,2,Eurostat,
Cyprus,2006,2.3,Eurostat,
Cyprus,2007,2.0999999,Eurostat,
Cyprus,2008,2.0999999,Eurostat,
Cyprus,2009,2.2,Eurostat,
Cyprus,2010,2.3,Eurostat,
Cyprus,2011,2.3,Eurostat,
Cyprus,2012,2.4000001,Eurostat,
Cyprus,2013,2.2,Eurostat,
Cyprus,2014,2.2,Eurostat,
Cyprus,2015,2.0999999,Eurostat,
Cyprus,2016,2.3,Eurostat,
Cyprus,2017,2.2,Eurostat,
Czech Republic,1960,1.4,Eurostat,
Czech Republic,1961,1.5,Eurostat,
Czech Republic,1962,1.5,Eurostat,
Czech Republic,1963,1.5,Eurostat,
Czech Republic,1964,1.5,Eurostat,
Czech Republic,1965,1.7,Eurostat,
Czech Republic,1966,1.8,Eurostat,
Czech Republic,1967,1.8,Eurostat,
Czech Republic,1968,1.9,Eurostat,
Czech Republic,1969,2.0999999,Eurostat,
Czech Republic,1970,2.2,Eurostat,
Czech Republic,1971,2.4000001,Eurostat,
Czech Republic,1972,2.3,Eurostat,
Czech Republic,1973,2.5,Eurostat,
Czech Republic,1974,2.5,Eurostat,
Czech Republic,1975,2.5999999,Eurostat,
Czech Republic,1976,2.5,Eurostat,
Czech Republic,1977,2.5,Eurostat,
Czech Republic,1978,2.5999999,Eurostat,
Czech Republic,1979,2.5,Eurostat,
Czech Republic,1980,2.5999999,Eurostat,
Czech Republic,1981,2.7,Eurostat,
Czech Republic,1982,2.7,Eurostat,
Czech Republic,1983,2.8,Eurostat,
Czech Republic,1984,3,Eurostat,
Czech Republic,1985,2.9000001,Eurostat,
Czech Republic,1986,2.9000001,Eurostat,
Czech Republic,1987,3,Eurostat,
Czech Republic,1988,3,Eurostat,
Czech Republic,1989,3,Eurostat,
Czech Republic,1990,3.0999999,Eurostat,
Czech Republic,1991,2.8,Eurostat,
Czech Republic,1992,2.8,Eurostat,
Czech Republic,1993,2.9000001,Eurostat,
Czech Republic,1994,3,Eurostat,
Czech Republic,1995,3,Eurostat,
Czech Republic,1996,3.2,Eurostat,
Czech Republic,1997,3.2,Eurostat,
Czech Republic,1998,3.0999999,Eurostat,
Czech Republic,1999,2.3,Eurostat,
Czech Republic,2000,2.9000001,Eurostat,
Czech Republic,2001,3.0999999,Eurostat,
Czech Republic,2002,3.0999999,Eurostat,
Czech Republic,2003,3.8,Eurostat,
Czech Republic,2004,3.2,Eurostat,
Czech Republic,2005,3.0999999,Eurostat,
Czech Republic,2006,3.0999999,Eurostat,
Czech Republic,2007,3,Eurostat,
Czech Republic,2008,3,Eurostat,
Czech Republic,2009,2.8,Eurostat,
Czech Republic,2010,2.9000001,Eurostat,
Czech Republic,2011,2.7,Eurostat,
Czech Republic,2012,2.5,Eurostat,
Czech Republic,2013,2.7,Eurostat,
Czech Republic,2014,2.5,Eurostat,
Czech Republic,2015,2.5,Eurostat,
Czech Republic,2016,2.4000001,Eurostat,
Czech Republic,2017,2.4000001,Eurostat,
Denmark,1960,1.5,Eurostat,
Denmark,1961,1.4,Eurostat,
Denmark,1962,1.4,Eurostat,
Denmark,1963,1.4,Eurostat,
Denmark,1964,1.4,Eurostat,
Denmark,1965,1.4,Eurostat,
Denmark,1966,1.4,Eurostat,
Denmark,1967,1.4,Eurostat,
Denmark,1968,1.6,Eurostat,
Denmark,1969,1.8,Eurostat,
Denmark,1970,1.9,Eurostat,
Denmark,1971,2.7,Eurostat,
Denmark,1972,2.5999999,Eurostat,
Denmark,1973,2.5,Eurostat,
Denmark,1974,2.5999999,Eurostat,
Denmark,1975,2.5999999,Eurostat,
Denmark,1976,2.5999999,Eurostat,
Denmark,1977,2.5999999,Eurostat,
Denmark,1978,2.5999999,Eurostat,
Denmark,1979,2.5,Eurostat,
Denmark,1980,2.7,Eurostat,
Denmark,1981,2.8,Eurostat,
Denmark,1982,2.9000001,Eurostat,
Denmark,1983,2.9000001,Eurostat,
Denmark,1984,2.8,Eurostat,
Denmark,1985,2.8,Eurostat,
Denmark,1986,2.8,Eurostat,
Denmark,1987,2.8,Eurostat,
Denmark,1988,2.9000001,Eurostat,
Denmark,1989,3,Eurostat,
Denmark,1990,2.7,Eurostat,
Denmark,1991,2.5,Eurostat,
Denmark,1992,2.5,Eurostat,
Denmark,1993,2.5,Eurostat,
Denmark,1994,2.5999999,Eurostat,
Denmark,1995,2.5,Eurostat,
Denmark,1996,2.4000001,Eurostat,
Denmark,1997,2.4000001,Eurostat,
Denmark,1998,2.5,Eurostat,
Denmark,1999,2.5,Eurostat,
Denmark,2000,2.7,Eurostat,
Denmark,2001,2.7,Eurostat,
Denmark,2002,2.8,Eurostat,
Denmark,2003,2.9000001,Eurostat,
Denmark,2004,2.9000001,Eurostat,
Denmark,2005,2.8,Eurostat,
Denmark,2006,2.5999999,Eurostat,
Denmark,2007,2.5999999,Eurostat,
Denmark,2008,2.7,Eurostat,
Denmark,2009,2.7,Eurostat,
Denmark,2010,2.5999999,Eurostat,
Denmark,2011,2.5999999,Eurostat,
Denmark,2012,2.8,Eurostat,
Denmark,2013,3.4000001,Eurostat,
Denmark,2014,3.4000001,Eurostat,
Denmark,2015,2.9000001,Eurostat,
Denmark,2016,3,Eurostat,
Denmark,2017,2.5999999,Eurostat,
Estonia,1960,2.0999999,Eurostat,
Estonia,1961,2.0999999,Eurostat,
Estonia,1962,2,Eurostat,
Estonia,1963,2.2,Eurostat,
Estonia,1964,2.5,Eurostat,
Estonia,1965,2.3,Eurostat,
Estonia,1966,3.2,Eurostat,
Estonia,1967,3.2,Eurostat,
Estonia,1968,3.0999999,Eurostat,
Estonia,1969,3.3,Eurostat,
Estonia,1970,3.2,Eurostat,
Estonia,1971,3.2,Eurostat,
Estonia,1972,3.3,Eurostat,
Estonia,1973,3.2,Eurostat,
Estonia,1974,3.3,Eurostat,
Estonia,1975,3.4000001,Eurostat,
Estonia,1976,3.5999999,Eurostat,
Estonia,1977,3.9000001,Eurostat,
Estonia,1978,3.8,Eurostat,
Estonia,1979,4.0999999,Eurostat,
Estonia,1980,4.0999999,Eurostat,
Estonia,1981,4.0999999,Eurostat,
Estonia,1982,3.9000001,Eurostat,
Estonia,1983,4.1999998,Eurostat,
Estonia,1984,4.0999999,Eurostat,
Estonia,1985,4,Eurostat,
Estonia,1986,3.9000001,Eurostat,
Estonia,1987,3.9000001,Eurostat,
Estonia,1988,3.8,Eurostat,
Estonia,1989,3.8,Eurostat,
Estonia,1990,3.7,Eurostat,
Estonia,1991,3.7,Eurostat,
Estonia,1992,4.3000002,Eurostat,
Estonia,1993,3.9000001,Eurostat,
Estonia,1994,3.8,Eurostat,
Estonia,1995,5.1999998,Eurostat,
Estonia,1996,4,Eurostat,
Estonia,1997,3.8,Eurostat,
Estonia,1998,3.2,Eurostat,
Estonia,1999,3.3,Eurostat,
Estonia,2000,3,Eurostat,
Estonia,2001,3.0999999,Eurostat,
Estonia,2002,3,Eurostat,
Estonia,2003,2.9000001,Eurostat,
Estonia,2004,3.0999999,Eurostat,
Estonia,2005,3,Eurostat,
Estonia,2006,2.8,Eurostat,
Estonia,2007,2.8,Eurostat,
Estonia,2008,2.5999999,Eurostat,
Estonia,2009,2.4000001,Eurostat,
Estonia,2010,2.2,Eurostat,
Estonia,2011,2.3,Eurostat,
Estonia,2012,2.4000001,Eurostat,
Estonia,2013,2.5,Eurostat,
Estonia,2014,2.4000001,Eurostat,
Estonia,2015,2.5999999,Eurostat,
Estonia,2016,2.5,Eurostat,
Estonia,2017,2.5,Eurostat,
European Union (28 countries),1965,0.80000001,Eurostat,
European Union (28 countries),1966,0.80000001,Eurostat,
European Union (28 countries),1968,0.80000001,Eurostat,
European Union (28 countries),1969,0.80000001,Eurostat,
European Union (28 countries),1970,0.89999998,Eurostat,
European Union (28 countries),1971,1,Eurostat,
European Union (28 countries),1972,1.2,Eurostat,
European Union (28 countries),1973,1.2,Eurostat,
European Union (28 countries),1974,1.3,Eurostat,
European Union (28 countries),1975,1.4,Eurostat,
European Union (28 countries),1976,1.4,Eurostat,
European Union (28 countries),1977,1.3,Eurostat,
European Union (28 countries),1978,1.3,Eurostat,
European Union (28 countries),1979,1.4,Eurostat,
European Union (28 countries),1980,1.5,Eurostat,
European Union (28 countries),1981,1.5,Eurostat,
European Union (28 countries),1982,1.6,Eurostat,
European Union (28 countries),1983,1.7,Eurostat,
European Union (28 countries),1984,1.7,Eurostat,
European Union (28 countries),1985,1.7,Eurostat,
European Union (28 countries),1986,1.7,Eurostat,
European Union (28 countries),1987,1.7,Eurostat,
European Union (28 countries),1988,1.7,Eurostat,
European Union (28 countries),1989,1.7,Eurostat,
European Union (28 countries),1990,1.6,Eurostat,
European Union (28 countries),1991,1.6,Eurostat,
European Union (28 countries),1992,1.6,Eurostat,
European Union (28 countries),1993,1.6,Eurostat,
European Union (28 countries),1994,1.7,Eurostat,
European Union (28 countries),1995,1.8,Eurostat,
European Union (28 countries),1996,1.8,Eurostat,
European Union (28 countries),1997,1.8,Eurostat,
European Union (28 countries),1998,1.8,Eurostat,
European Union (28 countries),1999,1.8,Eurostat,
European Union (28 countries),2000,1.8,Eurostat,
European Union (28 countries),2001,1.8,Eurostat,
European Union (28 countries),2002,1.9,Eurostat,
European Union (28 countries),2003,2,Eurostat,
European Union (28 countries),2004,2,Eurostat,
European Union (28 countries),2005,2.0999999,Eurostat,
European Union (28 countries),2006,2.0999999,Eurostat,
European Union (28 countries),2007,2.0999999,Eurostat,
European Union (28 countries),2008,2,Eurostat,
European Union (28 countries),2009,1.9,Eurostat,
European Union (28 countries),2010,2,Eurostat,
European Union (28 countries),2011,2,Eurostat,
European Union (28 countries),2012,1.9,Eurostat,
European Union (28 countries),2013,1.9,Eurostat,
European Union (28 countries),2014,1.8,Eurostat,
European Union (28 countries),2015,1.9,Eurostat,
Finland,1960,0.80000001,Eurostat,
Finland,1961,0.89999998,Eurostat,
Finland,1962,0.89999998,Eurostat,
Finland,1963,0.89999998,Eurostat,
Finland,1964,1,Eurostat,
Finland,1965,1,Eurostat,
Finland,1966,1.1,Eurostat,
Finland,1967,1.1,Eurostat,
Finland,1968,1.2,Eurostat,
Finland,1969,1.3,Eurostat,
Finland,1970,1.3,Eurostat,
Finland,1971,1.6,Eurostat,
Finland,1972,1.8,Eurostat,
Finland,1973,1.9,Eurostat,
Finland,1974,2.0999999,Eurostat,
Finland,1975,2,Eurostat,
Finland,1976,2.0999999,Eurostat,
Finland,1977,2.0999999,Eurostat,
Finland,1978,2.2,Eurostat,
Finland,1979,2.0999999,Eurostat,
Finland,1980,2,Eurostat,
Finland,1981,2,Eurostat,
Finland,1982,2,Eurostat,
Finland,1983,2,Eurostat,
Finland,1984,2,Eurostat,
Finland,1985,1.8,Eurostat,
Finland,1986,2,Eurostat,
Finland,1987,2,Eurostat,
Finland,1988,2.5,Eurostat,
Finland,1989,2.9000001,Eurostat,
Finland,1990,2.5999999,Eurostat,
Finland,1991,2.5999999,Eurostat,
Finland,1992,2.5999999,Eurostat,
Finland,1993,2.5,Eurostat,
Finland,1994,2.7,Eurostat,
Finland,1995,2.7,Eurostat,
Finland,1996,2.7,Eurostat,
Finland,1997,2.5999999,Eurostat,
Finland,1998,2.7,Eurostat,
Finland,1999,2.7,Eurostat,
Finland,2000,2.7,Eurostat,
Finland,2001,2.5999999,Eurostat,
Finland,2002,2.5999999,Eurostat,
Finland,2003,2.5999999,Eurostat,
Finland,2004,2.5,Eurostat,
Finland,2005,2.5999999,Eurostat,
Finland,2006,2.5,Eurostat,
Finland,2007,2.5,Eurostat,
Finland,2008,2.5,Eurostat,
Finland,2009,2.5,Eurostat,
Finland,2010,2.5,Eurostat,
Finland,2011,2.5,Eurostat,
Finland,2012,2.4000001,Eurostat,
Finland,2013,2.5,Eurostat,
Finland,2014,2.5,Eurostat,
Finland,2015,2.5,Eurostat,
Finland,2016,2.5,Eurostat,
Finland,2017,2.4000001,Eurostat,
France,1970,0.80000001,Eurostat,
France,1985,2,Eurostat,
France,1995,2.0999999,Eurostat,
France,1996,2,Eurostat,
France,1997,2,Eurostat,
France,1998,2,Eurostat,
France,1999,2,Eurostat,
France,2000,1.9,Eurostat,
France,2001,1.9,Eurostat,
France,2002,1.9,Eurostat,
France,2003,2.0999999,Eurostat,
France,2004,2.2,Eurostat,
France,2005,2.5,Eurostat,
France,2006,2.2,Eurostat,
France,2007,2.0999999,Eurostat,
France,2008,2.0999999,Eurostat,
France,2009,2,Eurostat,
France,2010,2.0999999,Eurostat,
France,2011,2,Eurostat,
France,2012,2,Eurostat,
France,2013,1.9,Eurostat,
France,2014,1.9,Eurostat,
France,2015,1.9,Eurostat,
France,2016,1.9,Eurostat,
France (metropolitan),1960,0.69999999,Eurostat,
France (metropolitan),1961,0.69999999,Eurostat,
France (metropolitan),1962,0.69999999,Eurostat,
France (metropolitan),1963,0.60000002,Eurostat,
France (metropolitan),1964,0.69999999,Eurostat,
France (metropolitan),1965,0.69999999,Eurostat,
France (metropolitan),1966,0.69999999,Eurostat,
France (metropolitan),1967,0.80000001,Eurostat,
France (metropolitan),1968,0.69999999,Eurostat,
France (metropolitan),1969,0.69999999,Eurostat,
France (metropolitan),1970,0.80000001,Eurostat,
France (metropolitan),1971,0.89999998,Eurostat,
France (metropolitan),1972,1,Eurostat,
France (metropolitan),1973,1,Eurostat,
France (metropolitan),1974,1.1,Eurostat,
France (metropolitan),1975,1.2,Eurostat,
France (metropolitan),1976,1.1,Eurostat,
France (metropolitan),1977,1.4,Eurostat,
France (metropolitan),1978,1.5,Eurostat,
France (metropolitan),1979,1.5,Eurostat,
France (metropolitan),1980,1.5,Eurostat,
France (metropolitan),1981,1.6,Eurostat,
France (metropolitan),1982,1.7,Eurostat,
France (metropolitan),1983,1.8,Eurostat,
France (metropolitan),1984,1.9,Eurostat,
France (metropolitan),1985,1.9,Eurostat,
France (metropolitan),1986,2,Eurostat,
France (metropolitan),1987,1.9,Eurostat,
France (metropolitan),1988,1.9,Eurostat,
France (metropolitan),1989,1.9,Eurostat,
France (metropolitan),1990,1.9,Eurostat,
France (metropolitan),1991,1.9,Eurostat,
France (metropolitan),1992,1.9,Eurostat,
France (metropolitan),1993,1.9,Eurostat,
France (metropolitan),1994,2,Eurostat,
France (metropolitan),1995,2.0999999,Eurostat,
France (metropolitan),1996,2,Eurostat,
France (metropolitan),1997,2,Eurostat,
France (metropolitan),1998,2,Eurostat,
France (metropolitan),1999,2,Eurostat,
France (metropolitan),2000,1.9,Eurostat,
France (metropolitan),2001,1.9,Eurostat,
France (metropolitan),2002,1.9,Eurostat,
France (metropolitan),2003,2.0999999,Eurostat,
France (metropolitan),2004,2.2,Eurostat,
France (metropolitan),2005,2.5,Eurostat,
France (metropolitan),2006,2.2,Eurostat,
France (metropolitan),2007,2.0999999,Eurostat,
France (metropolitan),2008,2.0999999,Eurostat,
France (metropolitan),2010,2.0999999,Eurostat,
France (metropolitan),2011,2.0999999,Eurostat,
Georgia,1970,1,Eurostat,
Georgia,1985,1.2,Eurostat,
Georgia,1995,0.5,Eurostat,
Georgia,2004,0.40000001,Eurostat,
Georgia,2005,0.40000001,Eurostat,
Georgia,2006,0.5,Eurostat,
Georgia,2007,0.5,Eurostat,
Georgia,2008,0.69999999,Eurostat,
Georgia,2009,0.89999998,Eurostat,
Georgia,2010,1.1,Eurostat,
Georgia,2011,1.3,Eurostat,
Georgia,2015,2.4000001,Eurostat,
Georgia,2016,2.5999999,Eurostat,
Georgia,2017,2.7,Eurostat,
Germany,1960,1,Eurostat,
Germany,1961,1,Eurostat,
Germany,1962,1,Eurostat,
Germany,1963,1,Eurostat,
Germany,1964,1.1,Eurostat,
Germany,1965,1.1,Eurostat,
Germany,1966,1.1,Eurostat,
Germany,1967,1.2,Eurostat,
Germany,1968,1.2,Eurostat,
Germany,1969,1.3,Eurostat,
Germany,1970,1.3,Eurostat,
Germany,1971,1.4,Eurostat,
Germany,1972,1.5,Eurostat,
Germany,1973,1.6,Eurostat,
Germany,1974,1.8,Eurostat,
Germany,1975,1.9,Eurostat,
Germany,1976,2,Eurostat,
Germany,1977,1.5,Eurostat,
Germany,1978,1,Eurostat,
Germany,1979,1.6,Eurostat,
Germany,1980,1.8,Eurostat,
Germany,1981,2,Eurostat,
Germany,1982,2.0999999,Eurostat,
Germany,1983,2.2,Eurostat,
Germany,1984,2.3,Eurostat,
Germany,1985,2.3,Eurostat,
Germany,1986,2.3,Eurostat,
Germany,1987,2.3,Eurostat,
Germany,1988,2.3,Eurostat,
Germany,1989,2.2,Eurostat,
Germany,1990,1.9,Eurostat,
Germany,1991,1.7,Eurostat,
Germany,1992,1.7,Eurostat,
Germany,1993,1.9,Eurostat,
Germany,1994,2,Eurostat,
Germany,1995,2.0999999,Eurostat,
Germany,1996,2.0999999,Eurostat,
Germany,1997,2.3,Eurostat,
Germany,1998,2.3,Eurostat,
Germany,1999,2.3,Eurostat,
Germany,2000,2.4000001,Eurostat,
Germany,2001,2.4000001,Eurostat,
Germany,2002,2.5,Eurostat,
Germany,2003,2.5999999,Eurostat,
Germany,2004,2.5999999,Eurostat,
Germany,2005,2.4000001,Eurostat,
Germany,2006,2.3,Eurostat,
Germany,2007,2.3,Eurostat,
Germany,2008,2.3,Eurostat,
Germany,2009,2.3,Eurostat,
Germany,2010,2.3,Eurostat,
Germany,2011,2.3,Eurostat,
Germany,2012,2.2,Eurostat,
Germany,2013,2.0999999,Eurostat,
Germany,2014,2.0999999,Eurostat,
Germany,2015,2,Eurostat,
Germany,2016,2,Eurostat,
Germany,2017,1.9,Eurostat,
Greece,1960,0.30000001,Eurostat,
Greece,1961,0.30000001,Eurostat,
Greece,1962,0.40000001,Eurostat,
Greece,1963,0.40000001,Eurostat,
Greece,1964,0.40000001,Eurostat,
Greece,1965,0.40000001,Eurostat,
Greece,1966,0.40000001,Eurostat,
Greece,1967,0.40000001,Eurostat,
Greece,1968,0.40000001,Eurostat,
Greece,1969,0.40000001,Eurostat,
Greece,1970,0.40000001,Eurostat,
Greece,1971,0.40000001,Eurostat,
Greece,1972,0.40000001,Eurostat,
Greece,1973,0.5,Eurostat,
Greece,1974,0.40000001,Eurostat,
Greece,1975,0.40000001,Eurostat,
Greece,1976,0.40000001,Eurostat,
Greece,1977,0.5,Eurostat,
Greece,1978,0.5,Eurostat,
Greece,1979,0.5,Eurostat,
Greece,1980,0.69999999,Eurostat,
Greece,1981,0.69999999,Eurostat,
Greece,1982,0.60000002,Eurostat,
Greece,1983,0.60000002,Eurostat,
Greece,1984,0.89999998,Eurostat,
Greece,1985,0.80000001,Eurostat,
Greece,1986,0.89999998,Eurostat,
Greece,1987,0.89999998,Eurostat,
Greece,1988,0.80000001,Eurostat,
Greece,1989,0.60000002,Eurostat,
Greece,1990,0.60000002,Eurostat,
Greece,1991,0.60000002,Eurostat,
Greece,1992,0.60000002,Eurostat,
Greece,1993,0.69999999,Eurostat,
Greece,1994,0.69999999,Eurostat,
Greece,1995,1,Eurostat,
Greece,1996,0.89999998,Eurostat,
Greece,1997,0.89999998,Eurostat,
Greece,1998,0.69999999,Eurostat,
Greece,1999,0.89999998,Eurostat,
Greece,2000,1,Eurostat,
Greece,2001,1,Eurostat,
Greece,2002,1,Eurostat,
Greece,2003,1.1,Eurostat,
Greece,2004,1.1,Eurostat,
Greece,2005,1.2,Eurostat,
Greece,2006,1.2,Eurostat,
Greece,2007,1.2,Eurostat,
Greece,2008,1.2,Eurostat,
Greece,2009,1.2,Eurostat,
Greece,2010,1.2,Eurostat,
Greece,2011,1.1,Eurostat,
Greece,2012,1.3,Eurostat,
Greece,2013,1.5,Eurostat,
Greece,2014,1.3,Eurostat,
Greece,2015,1.4,Eurostat,
Greece,2016,1,Eurostat,
Greece,2017,1.8,Eurostat,
Hungary,1960,1.7,Eurostat,
Hungary,1961,1.7,Eurostat,
Hungary,1962,1.7,Eurostat,
Hungary,1963,1.8,Eurostat,
Hungary,1964,1.9,Eurostat,
Hungary,1965,2,Eurostat,
Hungary,1966,2,Eurostat,
Hungary,1967,2.0999999,Eurostat,
Hungary,1968,2.0999999,Eurostat,
Hungary,1969,2.0999999,Eurostat,
Hungary,1970,2.2,Eurostat,
Hungary,1971,2.3,Eurostat,
Hungary,1972,2.3,Eurostat,
Hungary,1973,2.4000001,Eurostat,
Hungary,1974,2.3,Eurostat,
Hungary,1975,2.5,Eurostat,
Hungary,1976,2.5999999,Eurostat,
Hungary,1977,2.5999999,Eurostat,
Hungary,1978,2.7,Eurostat,
Hungary,1979,2.5999999,Eurostat,
Hungary,1980,2.5999999,Eurostat,
Hungary,1981,2.5999999,Eurostat,
Hungary,1982,2.7,Eurostat,
Hungary,1983,2.7,Eurostat,
Hungary,1984,2.7,Eurostat,
Hungary,1985,2.8,Eurostat,
Hungary,1986,2.8,Eurostat,
Hungary,1987,2.8,Eurostat,
Hungary,1988,2.3,Eurostat,
Hungary,1989,2.4000001,Eurostat,
Hungary,1990,2.4000001,Eurostat,
Hungary,1991,2.4000001,Eurostat,
Hungary,1992,2.0999999,Eurostat,
Hungary,1993,2.2,Eurostat,
Hungary,1994,2.3,Eurostat,
Hungary,1995,2.4000001,Eurostat,
Hungary,1996,2.2,Eurostat,
Hungary,1997,2.4000001,Eurostat,
Hungary,1998,2.5,Eurostat,
Hungary,1999,2.5,Eurostat,
Hungary,2000,2.3,Eurostat,
Hungary,2001,2.4000001,Eurostat,
Hungary,2002,2.5,Eurostat,
Hungary,2003,2.5,Eurostat,
Hungary,2004,2.4000001,Eurostat,
Hungary,2005,2.5,Eurostat,
Hungary,2006,2.5,Eurostat,
Hungary,2007,2.5,Eurostat,
Hungary,2008,2.5,Eurostat,
Hungary,2009,2.4000001,Eurostat,
Hungary,2010,2.4000001,Eurostat,
Hungary,2011,2.3,Eurostat,
Hungary,2012,2.2,Eurostat,
Hungary,2013,2,Eurostat,
Hungary,2014,2,Eurostat,
Hungary,2015,2.0999999,Eurostat,
Hungary,2016,2,Eurostat,
Hungary,2017,1.9,Eurostat,
Iceland,1960,0.69999999,Eurostat,
Iceland,1961,0.89999998,Eurostat,
Iceland,1962,0.69999999,Eurostat,
Iceland,1963,1.1,Eurostat,
Iceland,1964,0.89999998,Eurostat,
Iceland,1965,0.89999998,Eurostat,
Iceland,1966,1,Eurostat,
Iceland,1967,0.89999998,Eurostat,
Iceland,1968,1,Eurostat,
Iceland,1969,1.3,Eurostat,
Iceland,1970,1.2,Eurostat,
Iceland,1971,1.5,Eurostat,
Iceland,1972,1.5,Eurostat,
Iceland,1973,1.6,Eurostat,
Iceland,1974,1.7,Eurostat,
Iceland,1975,1.8,Eurostat,
Iceland,1976,1.7,Eurostat,
Iceland,1977,1.8,Eurostat,
Iceland,1978,1.8,Eurostat,
Iceland,1979,1.7,Eurostat,
Iceland,1980,1.9,Eurostat,
Iceland,1981,2,Eurostat,
Iceland,1982,1.8,Eurostat,
Iceland,1983,2.0999999,Eurostat,
Iceland,1984,1.9,Eurostat,
Iceland,1985,2.2,Eurostat,
Iceland,1986,2,Eurostat,
Iceland,1987,1.9,Eurostat,
Iceland,1988,1.8,Eurostat,
Iceland,1989,2.0999999,Eurostat,
Iceland,1990,1.9,Eurostat,
Iceland,1991,2.0999999,Eurostat,
Iceland,1992,2,Eurostat,
Iceland,1993,2,Eurostat,
Iceland,1994,1.8,Eurostat,
Iceland,1995,1.8,Eurostat,
Iceland,1996,2,Eurostat,
Iceland,1997,1.9,Eurostat,
Iceland,1998,1.8,Eurostat,
Iceland,1999,1.7,Eurostat,
Iceland,2000,1.9,Eurostat,
Iceland,2001,1.9,Eurostat,
Iceland,2002,1.8,Eurostat,
Iceland,2003,1.8,Eurostat,
Iceland,2004,1.9,Eurostat,
Iceland,2005,1.9,Eurostat,
Iceland,2006,1.6,Eurostat,
Iceland,2007,1.7,Eurostat,
Iceland,2008,1.7,Eurostat,
Iceland,2009,1.7,Eurostat,
Iceland,2010,1.8,Eurostat,
Iceland,2011,1.6,Eurostat,
Ireland,1997,0,Eurostat,
Ireland,1998,0.40000001,Eurostat,
Ireland,1999,0.60000002,Eurostat,
Ireland,2000,0.69999999,Eurostat,
Ireland,2001,0.69999999,Eurostat,
Ireland,2002,0.69999999,Eurostat,
Ireland,2003,0.69999999,Eurostat,
Ireland,2004,0.80000001,Eurostat,
Ireland,2005,0.80000001,Eurostat,
Ireland,2006,0.89999998,Eurostat,
Ireland,2007,0.80000001,Eurostat,
Ireland,2008,0.80000001,Eurostat,
Ireland,2009,0.69999999,Eurostat,
Ireland,2010,0.69999999,Eurostat,
Ireland,2011,0.60000002,Eurostat,
Ireland,2012,0.60000002,Eurostat,
Ireland,2013,0.60000002,Eurostat,
Ireland,2014,0.60000002,Eurostat,
Ireland,2015,0.69999999,Eurostat,
Israel,1970,0.80000001,OECD,
Israel,1985,1.2,OECD,
Israel,1986,1.2,OECD,
Israel,1987,1.2,OECD,
Israel,1988,1.3,OECD,
Israel,1989,1.3,OECD,
Israel,1990,1.4,OECD,
Israel,1991,1.3,OECD,
Israel,1992,1.4,OECD,
Israel,1993,1.4,OECD,
Israel,1994,1.5,OECD,
Israel,1995,1.6,OECD,
Israel,1996,1.5,OECD,
Israel,1997,1.6,OECD,
Israel,1998,1.7,OECD,
Israel,1999,1.7,OECD,
Israel,2000,1.8,OECD,
Israel,2001,1.8,OECD,
Israel,2002,1.7,OECD,
Israel,2003,1.7,OECD,
Israel,2004,1.6,OECD,
Israel,2005,1.6,OECD,
Israel,2006,1.9,OECD,
Israel,2007,1.8,OECD,
Israel,2008,1.8,OECD,
Israel,2009,1.8,OECD,
Israel,2010,1.7,OECD,
Israel,2011,1.7,OECD,
Israel,2012,1.7,OECD,
Israel,2013,1.8,OECD,
Israel,2014,1.8,OECD,
Israel,2015,1.7,OECD,
Israel,2016,1.7,OECD,
Italy,1971,0.30000001,Eurostat,
Italy,1972,0.60000002,Eurostat,
Italy,1973,0.30000001,Eurostat,
Italy,1974,0.30000001,Eurostat,
Italy,1975,0.2,Eurostat,
Italy,1976,0.2,Eurostat,
Italy,1977,0.2,Eurostat,
Italy,1978,0.2,Eurostat,
Italy,1979,0.2,Eurostat,
Italy,1980,0.2,Eurostat,
Italy,1981,0.2,Eurostat,
Italy,1982,0.30000001,Eurostat,
Italy,1983,0.2,Eurostat,
Italy,1984,0.30000001,Eurostat,
Italy,1985,0.30000001,Eurostat,
Italy,1986,0.30000001,Eurostat,
Italy,1987,0.5,Eurostat,
Italy,1988,0.5,Eurostat,
Italy,1989,0.5,Eurostat,
Italy,1990,0.5,Eurostat,
Italy,1991,0.5,Eurostat,
Italy,1992,0.5,Eurostat,
Italy,1993,0.40000001,Eurostat,
Italy,1994,0.5,Eurostat,
Italy,1995,0.5,Eurostat,
Italy,1996,0.60000002,Eurostat,
Italy,1997,0.60000002,Eurostat,
Italy,1998,0.60000002,Eurostat,
Italy,1999,0.60000002,Eurostat,
Italy,2000,0.69999999,Eurostat,
Italy,2001,0.69999999,Eurostat,
Italy,2002,0.69999999,Eurostat,
Italy,2003,0.80000001,Eurostat,
Italy,2004,0.80000001,Eurostat,
Italy,2005,0.80000001,Eurostat,
Italy,2006,0.89999998,Eurostat,
Italy,2007,0.89999998,Eurostat,
Italy,2008,0.89999998,Eurostat,
Italy,2009,0.89999998,Eurostat,
Italy,2010,0.89999998,Eurostat,
Italy,2011,0.89999998,Eurostat,
Italy,2012,0.89999998,Eurostat,
Italy,2013,0.89999998,Eurostat,
Italy,2014,0.89999998,Eurostat,
Italy,2015,1.4,Eurostat,
Italy,2016,1.6,Eurostat,
Italy,2017,1.5,Eurostat,
Japan,1960,0.69999999,OECD,
Japan,1963,0.69999999,OECD,
Japan,1964,0.69999999,OECD,
Japan,1965,0.80000001,OECD,
Japan,1966,0.80000001,OECD,
Japan,1967,0.80000001,OECD,
Japan,1968,0.89999998,OECD,
Japan,1969,0.89999998,OECD,
Japan,1970,0.89999998,OECD,
Japan,1971,1,OECD,
Japan,1972,1,OECD,
Japan,1973,1,OECD,
Japan,1974,1,OECD,
Japan,1975,1.1,OECD,
Japan,1976,1.1,OECD,
Japan,1977,1.1,OECD,
Japan,1978,1.2,OECD,
Japan,1979,1.2,OECD,
Japan,1980,1.2,OECD,
Japan,1981,1.3,OECD,
Japan,1982,1.4,OECD,
Japan,1983,1.5,OECD,
Japan,1984,1.5,OECD,
Japan,1985,1.4,OECD,
Japan,1986,1.4,OECD,
Japan,1987,1.3,OECD,
Japan,1988,1.3,OECD,
Japan,1989,1.3,OECD,
Japan,1990,1.3,OECD,
Japan,1991,1.4,OECD,
Japan,1992,1.5,OECD,
Japan,1993,1.5,OECD,
Japan,1994,1.6,OECD,
Japan,1995,1.6,OECD,
Japan,1996,1.7,OECD,
Japan,1997,1.8,OECD,
Japan,1998,1.9,OECD,
Japan,1999,2,OECD,
Japan,2000,2.0999999,OECD,
Japan,2001,2.3,OECD,
Japan,2002,2.3,OECD,
Japan,2003,2.3,OECD,
Japan,2004,2.2,OECD,
Japan,2005,2.0999999,OECD,
Japan,2006,2,OECD,
Japan,2007,2,OECD,
Japan,2008,2,OECD,
Japan,2009,2,OECD,
Japan,2010,2,OECD,
Japan,2011,1.9,OECD,
Japan,2012,1.9,OECD,
Japan,2013,1.8,OECD,
Japan,2014,1.8,OECD,
Japan,2015,1.8,OECD,
Japan,2016,1.7,OECD,
Japan,2017,1.7,OECD,
Kosovo,2004,0.60000002,Eurostat,
Kosovo,2005,0.69999999,Eurostat,
Kosovo,2006,0.69999999,Eurostat,
Kosovo,2007,0.69999999,Eurostat,
Kosovo,2008,0.5,Eurostat,
Kosovo,2009,0.69999999,Eurostat,
Kosovo,2011,0.80000001,Eurostat,
Kosovo,2012,0.69999999,Eurostat,
Kosovo,2015,0.69999999,Eurostat,
Kosovo,2016,0.60000002,Eurostat,
Kosovo,2017,0.60000002,Eurostat,
Latvia,1960,2.4000001,Eurostat,
Latvia,1961,2.4000001,Eurostat,
Latvia,1962,2.5,Eurostat,
Latvia,1963,2.3,Eurostat,
Latvia,1964,2.3,Eurostat,
Latvia,1965,2.8,Eurostat,
Latvia,1966,4.8000002,Eurostat,
Latvia,1967,4.1999998,Eurostat,
Latvia,1968,4.3000002,Eurostat,
Latvia,1969,4.4000001,Eurostat,
Latvia,1970,4.5999999,Eurostat,
Latvia,1971,4.5999999,Eurostat,
Latvia,1972,4.5,Eurostat,
Latvia,1973,4.8000002,Eurostat,
Latvia,1974,4.9000001,Eurostat,
Latvia,1975,4.8000002,Eurostat,
Latvia,1976,5,Eurostat,
Latvia,1977,5.0999999,Eurostat,
Latvia,1978,5.0999999,Eurostat,
Latvia,1979,5.5,Eurostat,
Latvia,1980,5,Eurostat,
Latvia,1981,4.9000001,Eurostat,
Latvia,1982,4.8000002,Eurostat,
Latvia,1983,4.9000001,Eurostat,
Latvia,1984,4.6999998,Eurostat,
Latvia,1985,4.5,Eurostat,
Latvia,1986,4.3000002,Eurostat,
Latvia,1987,4.0999999,Eurostat,
Latvia,1988,4.0999999,Eurostat,
Latvia,1989,4.1999998,Eurostat,
Latvia,1990,4,Eurostat,
Latvia,1991,4.1999998,Eurostat,
Latvia,1992,5.5999999,Eurostat,
Latvia,1993,4,Eurostat,
Latvia,1994,3.3,Eurostat,
Latvia,1995,3.0999999,Eurostat,
Latvia,1996,2.5,Eurostat,
Latvia,1997,2.5,Eurostat,
Latvia,1998,2.5999999,Eurostat,
Latvia,1999,2.5,Eurostat,
Latvia,2000,2.5999999,Eurostat,
Latvia,2001,2.5,Eurostat,
Latvia,2002,2.5999999,Eurostat,
Latvia,2003,2.0999999,Eurostat,
Latvia,2004,2.3,Eurostat,
Latvia,2005,2.8,Eurostat,
Latvia,2006,3.3,Eurostat,
Latvia,2007,3.4000001,Eurostat,
Latvia,2008,2.9000001,Eurostat,
Latvia,2009,2.4000001,Eurostat,
Latvia,2010,2.4000001,Eurostat,
Latvia,2011,4,Eurostat,
Latvia,2012,3.5999999,Eurostat,
Latvia,2013,3.5,Eurostat,
Latvia,2014,3.0999999,Eurostat,
Latvia,2015,2.5999999,Eurostat,
Latvia,2016,3.0999999,Eurostat,
Latvia,2017,3.0999999,Eurostat,
Liechtenstein,1975,0.80000001,Eurostat,
Liechtenstein,1989,1,Eurostat,
Liechtenstein,1995,1.2,Eurostat,
Liechtenstein,2000,3.9000001,Eurostat,
Liechtenstein,2001,2.5,Eurostat,
Liechtenstein,2002,2.9000001,Eurostat,
Liechtenstein,2003,2.5,Eurostat,
Liechtenstein,2004,2.9000001,Eurostat,
Liechtenstein,2005,2.7,Eurostat,
Liechtenstein,2006,2.3,Eurostat,
Liechtenstein,2007,2.8,Eurostat,
Liechtenstein,2008,2.8,Eurostat,
Liechtenstein,2009,2.7,Eurostat,
Liechtenstein,2010,2.4000001,Eurostat,
Liechtenstein,2011,2.5,Eurostat,
Liechtenstein,2012,2.4000001,Eurostat,
Lithuania,1960,0.89999998,Eurostat,
Lithuania,1961,0.89999998,Eurostat,
Lithuania,1962,0.89999998,Eurostat,
Lithuania,1963,0.80000001,Eurostat,
Lithuania,1964,0.89999998,Eurostat,
Lithuania,1965,0.89999998,Eurostat,
Lithuania,1966,1.8,Eurostat,
Lithuania,1967,1.8,Eurostat,
Lithuania,1968,2,Eurostat,
Lithuania,1969,2.0999999,Eurostat,
Lithuania,1970,2.2,Eurostat,
Lithuania,1971,2.2,Eurostat,
Lithuania,1972,2.3,Eurostat,
Lithuania,1973,2.5,Eurostat,
Lithuania,1974,2.5,Eurostat,
Lithuania,1975,2.7,Eurostat,
Lithuania,1976,2.9000001,Eurostat,
Lithuania,1977,3.0999999,Eurostat,
Lithuania,1978,3,Eurostat,
Lithuania,1979,3.2,Eurostat,
Lithuania,1980,3.2,Eurostat,
Lithuania,1981,3.2,Eurostat,
Lithuania,1982,3.0999999,Eurostat,
Lithuania,1983,3.2,Eurostat,
Lithuania,1984,3.2,Eurostat,
Lithuania,1985,3.2,Eurostat,
Lithuania,1986,3.3,Eurostat,
Lithuania,1987,3.2,Eurostat,
Lithuania,1988,3.2,Eurostat,
Lithuania,1989,3.3,Eurostat,
Lithuania,1990,3.4000001,Eurostat,
Lithuania,1991,4.0999999,Eurostat,
Lithuania,1992,3.8,Eurostat,
Lithuania,1993,3.8,Eurostat,
Lithuania,1994,3,Eurostat,
Lithuania,1995,2.8,Eurostat,
Lithuania,1996,3.0999999,Eurostat,
Lithuania,1997,3.2,Eurostat,
Lithuania,1998,3.3,Eurostat,
Lithuania,1999,3.2,Eurostat,
Lithuania,2000,3.0999999,Eurostat,
Lithuania,2001,3.2,Eurostat,
Lithuania,2002,3.0999999,Eurostat,
Lithuania,2003,3.0999999,Eurostat,
Lithuania,2004,3.3,Eurostat,
Lithuania,2005,3.3,Eurostat,
Lithuania,2006,3.4000001,Eurostat,
Lithuania,2007,3.5,Eurostat,
Lithuania,2008,3.2,Eurostat,
Lithuania,2009,2.9000001,Eurostat,
Lithuania,2010,3.2,Eurostat,
Lithuania,2011,3.4000001,Eurostat,
Lithuania,2012,3.5,Eurostat,
Lithuania,2013,3.4000001,Eurostat,
Lithuania,2014,3.3,Eurostat,
Lithuania,2015,3.2,Eurostat,
Lithuania,2016,3.0999999,Eurostat,
Lithuania,2017,3,Eurostat,
Luxembourg,1960,0.5,Eurostat,
Luxembourg,1961,0.40000001,Eurostat,
Luxembourg,1962,0.40000001,Eurostat,
Luxembourg,1963,0.40000001,Eurostat,
Luxembourg,1964,0.40000001,Eurostat,
Luxembourg,1965,0.40000001,Eurostat,
Luxembourg,1966,0.60000002,Eurostat,
Luxembourg,1967,0.60000002,Eurostat,
Luxembourg,1968,0.60000002,Eurostat,
Luxembourg,1969,0.60000002,Eurostat,
Luxembourg,1970,0.60000002,Eurostat,
Luxembourg,1971,0.69999999,Eurostat,
Luxembourg,1972,0.80000001,Eurostat,
Luxembourg,1973,0.80000001,Eurostat,
Luxembourg,1974,0.80000001,Eurostat,
Luxembourg,1975,0.60000002,Eurostat,
Luxembourg,1976,1,Eurostat,
Luxembourg,1977,1.1,Eurostat,
Luxembourg,1978,1.5,Eurostat,
Luxembourg,1979,1.2,Eurostat,
Luxembourg,1980,1.6,Eurostat,
Luxembourg,1981,1.4,Eurostat,
Luxembourg,1982,1.7,Eurostat,
Luxembourg,1983,1.6,Eurostat,
Luxembourg,1984,1.7,Eurostat,
Luxembourg,1985,1.8,Eurostat,
Luxembourg,1986,1.8,Eurostat,
Luxembourg,1987,2,Eurostat,
Luxembourg,1988,2.0999999,Eurostat,
Luxembourg,1989,2.3,Eurostat,
Luxembourg,1990,2,Eurostat,
Luxembourg,1991,2,Eurostat,
Luxembourg,1992,1.8,Eurostat,
Luxembourg,1993,1.9,Eurostat,
Luxembourg,1994,1.7,Eurostat,
Luxembourg,1995,1.8,Eurostat,
Luxembourg,1996,2,Eurostat,
Luxembourg,1997,2.4000001,Eurostat,
Luxembourg,1998,2.4000001,Eurostat,
Luxembourg,1999,2.4000001,Eurostat,
Luxembourg,2000,2.4000001,Eurostat,
Luxembourg,2001,2.3,Eurostat,
Luxembourg,2002,2.4000001,Eurostat,
Luxembourg,2003,2.3,Eurostat,
Luxembourg,2004,2.3,Eurostat,
Luxembourg,2005,2.2,Eurostat,
Luxembourg,2006,2.5,Eurostat,
Luxembourg,2007,2.3,Eurostat,
Luxembourg,2008,2,Eurostat,
Luxembourg,2009,2.0999999,Eurostat,
Luxembourg,2010,2.0999999,Eurostat,
Luxembourg,2011,2.3,Eurostat,
Luxembourg,2012,2,Eurostat,
Luxembourg,2013,2.0999999,Eurostat,
Luxembourg,2014,2.5999999,Eurostat,
Luxembourg,2015,2.4000001,Eurostat,
Luxembourg,2016,2.0999999,Eurostat,
Luxembourg,2017,2,Eurostat,
Macedonia,1960,0.69999999,Eurostat,
Macedonia,1961,0.60000002,Eurostat,
Macedonia,1962,0.60000002,Eurostat,
Macedonia,1963,0.5,Eurostat,
Macedonia,1964,0.40000001,Eurostat,
Macedonia,1965,0.5,Eurostat,
Macedonia,1966,0.40000001,Eurostat,
Macedonia,1967,0.30000001,Eurostat,
Macedonia,1968,0.30000001,Eurostat,
Macedonia,1969,0.30000001,Eurostat,
Macedonia,1970,0.30000001,Eurostat,
Macedonia,1971,0.30000001,Eurostat,
Macedonia,1972,0.30000001,Eurostat,
Macedonia,1973,0.60000002,Eurostat,
Macedonia,1974,0.60000002,Eurostat,
Macedonia,1975,0.69999999,Eurostat,
Macedonia,1976,0.60000002,Eurostat,
Macedonia,1977,0.5,Eurostat,
Macedonia,1978,0.40000001,Eurostat,
Macedonia,1979,0.40000001,Eurostat,
Macedonia,1980,0.5,Eurostat,
Macedonia,1981,0.5,Eurostat,
Macedonia,1982,0.5,Eurostat,
Macedonia,1983,0.40000001,Eurostat,
Macedonia,1984,0.40000001,Eurostat,
Macedonia,1985,0.40000001,Eurostat,
Macedonia,1986,0.5,Eurostat,
Macedonia,1987,0.40000001,Eurostat,
Macedonia,1988,0.40000001,Eurostat,
Macedonia,1989,0.5,Eurostat,
Macedonia,1990,0.40000001,Eurostat,
Macedonia,1991,0.30000001,Eurostat,
Macedonia,1992,0.30000001,Eurostat,
Macedonia,1993,0.30000001,Eurostat,
Macedonia,1994,0.30000001,Eurostat,
Macedonia,1995,0.40000001,Eurostat,
Macedonia,1996,0.40000001,Eurostat,
Macedonia,1997,0.5,Eurostat,
Macedonia,1998,0.5,Eurostat,
Macedonia,1999,0.5,Eurostat,
Macedonia,2000,0.69999999,Eurostat,
Macedonia,2001,0.69999999,Eurostat,
Macedonia,2002,0.60000002,Eurostat,
Macedonia,2003,0.69999999,Eurostat,
Macedonia,2004,0.80000001,Eurostat,
Macedonia,2005,0.80000001,Eurostat,
Macedonia,2006,0.69999999,Eurostat,
Macedonia,2007,0.69999999,Eurostat,
Macedonia,2008,0.60000002,Eurostat,
Macedonia,2009,0.60000002,Eurostat,
Macedonia,2010,0.80000001,Eurostat,
Macedonia,2011,0.89999998,Eurostat,
Macedonia,2012,0.89999998,Eurostat,
Macedonia,2013,1,Eurostat,
Macedonia,2014,1.1,Eurostat,
Macedonia,2015,1,Eurostat,
Macedonia,2016,1,Eurostat,
Macedonia,2017,1,Eurostat,
Malta,2011,0.1,Eurostat,
Malta,2012,1.1,Eurostat,
Malta,2013,0.80000001,Eurostat,
Malta,2014,0.69999999,Eurostat,
Malta,2015,0.80000001,Eurostat,
Malta,2016,0.80000001,Eurostat,
Malta,2017,0.69999999,Eurostat,
Mexico,1970,0.60000002,OECD,
Mexico,1985,0.40000001,OECD,
Mexico,1992,0.60000002,OECD,
Mexico,1993,0.40000001,OECD,
Mexico,1994,0.40000001,OECD,
Mexico,1995,0.40000001,OECD,
Mexico,1996,0.40000001,OECD,
Mexico,1997,0.40000001,OECD,
Mexico,1998,0.5,OECD,
Mexico,1999,0.5,OECD,
Mexico,2000,0.5,OECD,
Mexico,2001,0.60000002,OECD,
Mexico,2002,0.60000002,OECD,
Mexico,2003,0.60000002,OECD,
Mexico,2004,0.69999999,OECD,
Mexico,2005,0.69999999,OECD,
Mexico,2006,0.69999999,OECD,
Mexico,2007,0.69999999,OECD,
Mexico,2008,0.80000001,OECD,
Mexico,2009,0.80000001,OECD,
Mexico,2010,0.80000001,OECD,
Mexico,2011,0.80000001,OECD,
Mexico,2012,0.89999998,OECD,
Mexico,2013,0.89999998,OECD,
Mexico,2014,0.89999998,OECD,
Mexico,2015,1,OECD,
Mexico,2016,1.1,OECD,
Moldova,2005,4,Eurostat,
Moldova,2006,3.5,Eurostat,
Moldova,2007,3.9000001,Eurostat,
Moldova,2008,3.5,Eurostat,
Moldova,2009,3.3,Eurostat,
Moldova,2010,3.2,Eurostat,
Moldova,2011,3.0999999,Eurostat,
Moldova,2012,3,Eurostat,
Monaco,1970,1.3,Eurostat,
Monaco,1983,1.4,Eurostat,
Monaco,1995,2.5,Eurostat,
Monaco,2004,2.5,Eurostat,
Monaco,2005,2.0999999,Eurostat,
Montenegro,1970,0.60000002,Eurostat,
Montenegro,1985,0.60000002,Eurostat,
Montenegro,1995,0.60000002,Eurostat,
Montenegro,2005,0.80000001,Eurostat,
Montenegro,2006,0.80000001,Eurostat,
Montenegro,2007,0.69999999,Eurostat,
Montenegro,2008,0.69999999,Eurostat,
Montenegro,2009,0.69999999,Eurostat,
Montenegro,2010,0.80000001,Eurostat,
Montenegro,2011,0.80000001,Eurostat,
Montenegro,2012,0.80000001,Eurostat,
Montenegro,2013,0.80000001,Eurostat,
Montenegro,2014,0.89999998,Eurostat,
Montenegro,2015,0.89999998,Eurostat,
Montenegro,2016,1.1,Eurostat,
Montenegro,2017,1.2,Eurostat,
Netherlands,1960,0.5,Eurostat,
Netherlands,1961,0.5,Eurostat,
Netherlands,1962,0.5,Eurostat,
Netherlands,1963,0.5,Eurostat,
Netherlands,1964,0.5,Eurostat,
Netherlands,1965,0.5,Eurostat,
Netherlands,1966,0.5,Eurostat,
Netherlands,1967,0.60000002,Eurostat,
Netherlands,1968,0.60000002,Eurostat,
Netherlands,1969,0.69999999,Eurostat,
Netherlands,1970,0.80000001,Eurostat,
Netherlands,1971,0.89999998,Eurostat,
Netherlands,1972,1.1,Eurostat,
Netherlands,1973,1.3,Eurostat,
Netherlands,1974,1.4,Eurostat,
Netherlands,1975,1.5,Eurostat,
Netherlands,1976,1.5,Eurostat,
Netherlands,1977,1.6,Eurostat,
Netherlands,1978,1.6,Eurostat,
Netherlands,1979,1.7,Eurostat,
Netherlands,1980,1.8,Eurostat,
Netherlands,1981,2,Eurostat,
Netherlands,1982,2.2,Eurostat,
Netherlands,1983,2.3,Eurostat,
Netherlands,1984,2.4000001,Eurostat,
Netherlands,1985,2.3,Eurostat,
Netherlands,1986,2,Eurostat,
Netherlands,1987,1.9,Eurostat,
Netherlands,1988,1.9,Eurostat,
Netherlands,1989,1.9,Eurostat,
Netherlands,1990,1.9,Eurostat,
Netherlands,1991,1.9,Eurostat,
Netherlands,1992,2,Eurostat,
Netherlands,1993,2,Eurostat,
Netherlands,1994,2.4000001,Eurostat,
Netherlands,1995,2.2,Eurostat,
Netherlands,1996,2.2,Eurostat,
Netherlands,1997,2.2,Eurostat,
Netherlands,1998,2.0999999,Eurostat,
Netherlands,1999,2.0999999,Eurostat,
Netherlands,2000,2.2,Eurostat,
Netherlands,2001,2.3,Eurostat,
Netherlands,2002,2.0999999,Eurostat,
Netherlands,2003,1.9,Eurostat,
Netherlands,2004,1.9,Eurostat,
Netherlands,2005,2,Eurostat,
Netherlands,2006,1.9,Eurostat,
Netherlands,2007,2,Eurostat,
Netherlands,2008,2,Eurostat,
Netherlands,2009,1.9,Eurostat,
Netherlands,2010,2,Eurostat,
Netherlands,2011,2,Eurostat,
Netherlands,2012,2.0999999,Eurostat,
Netherlands,2013,2,Eurostat,
Netherlands,2014,2.0999999,Eurostat,
Netherlands,2015,2,Eurostat,
Netherlands,2016,2,Eurostat,
Netherlands,2017,1.9,Eurostat,
New Zealand,1970,1.1,OECD,
New Zealand,1985,2.5999999,OECD,
New Zealand,1992,2.7,OECD,
New Zealand,1995,2.5999999,OECD,
New Zealand,1996,2.7,OECD,
New Zealand,1997,2.5999999,OECD,
New Zealand,1998,2.5999999,OECD,
New Zealand,1999,2.5999999,OECD,
New Zealand,2000,2.5,OECD,
New Zealand,2001,2.5,OECD,
New Zealand,2002,2.5999999,OECD,
New Zealand,2003,2.5999999,OECD,
New Zealand,2004,2.5999999,OECD,
New Zealand,2005,2.4000001,OECD,
New Zealand,2006,2.4000001,OECD,
New Zealand,2007,2.3,OECD,
New Zealand,2008,2.3,OECD,
New Zealand,2009,2,OECD,
New Zealand,2010,2,OECD,
New Zealand,2011,1.9,OECD,
New Zealand,2012,2,OECD,
New Zealand,2013,1.9,OECD,
New Zealand,2014,1.8,OECD,
New Zealand,2015,1.9,OECD,
New Zealand,2016,1.7,OECD,
Norway,1960,0.69999999,Eurostat,
Norway,1961,0.69999999,Eurostat,
Norway,1962,0.69999999,Eurostat,
Norway,1963,0.69999999,Eurostat,
Norway,1964,0.69999999,Eurostat,
Norway,1965,0.69999999,Eurostat,
Norway,1966,0.69999999,Eurostat,
Norway,1967,0.80000001,Eurostat,
Norway,1968,0.80000001,Eurostat,
Norway,1969,0.80000001,Eurostat,
Norway,1970,0.89999998,Eurostat,
Norway,1971,1,Eurostat,
Norway,1972,1,Eurostat,
Norway,1973,1.2,Eurostat,
Norway,1974,1.3,Eurostat,
Norway,1975,1.4,Eurostat,
Norway,1976,1.4,Eurostat,
Norway,1977,1.5,Eurostat,
Norway,1978,1.5,Eurostat,
Norway,1979,1.6,Eurostat,
Norway,1980,1.6,Eurostat,
Norway,1981,1.7,Eurostat,
Norway,1982,1.7,Eurostat,
Norway,1983,1.9,Eurostat,
Norway,1984,1.9,Eurostat,
Norway,1985,2,Eurostat,
Norway,1986,1.9,Eurostat,
Norway,1987,2,Eurostat,
Norway,1988,2.0999999,Eurostat,
Norway,1989,2.2,Eurostat,
Norway,1990,2.4000001,Eurostat,
Norway,1991,2.4000001,Eurostat,
Norway,1992,2.4000001,Eurostat,
Norway,1993,2.5,Eurostat,
Norway,1994,2.5,Eurostat,
Norway,1995,2.4000001,Eurostat,
Norway,1996,2.3,Eurostat,
Norway,1997,2.3,Eurostat,
Norway,1998,2.0999999,Eurostat,
Norway,1999,2,Eurostat,
Norway,2000,2.2,Eurostat,
Norway,2001,2.3,Eurostat,
Norway,2002,2.3,Eurostat,
Norway,2003,2.4000001,Eurostat,
Norway,2004,2.4000001,Eurostat,
Norway,2005,2.4000001,Eurostat,
Norway,2006,2.3,Eurostat,
Norway,2007,2.2,Eurostat,
Norway,2008,2.0999999,Eurostat,
Norway,2009,2.0999999,Eurostat,
Norway,2010,2.0999999,Eurostat,
Norway,2011,2.0999999,Eurostat,
Norway,2012,2,Eurostat,
Norway,2013,2,Eurostat,
Norway,2014,1.9,Eurostat,
Norway,2015,1.9,Eurostat,
Norway,2016,1.9,Eurostat,
Norway,2017,2,Eurostat,
Poland,1960,0.5,Eurostat,
Poland,1961,0.60000002,Eurostat,
Poland,1962,0.60000002,Eurostat,
Poland,1963,0.60000002,Eurostat,
Poland,1964,0.69999999,Eurostat,
Poland,1965,0.69999999,Eurostat,
Poland,1966,0.80000001,Eurostat,
Poland,1967,0.80000001,Eurostat,
Poland,1968,0.89999998,Eurostat,
Poland,1969,1,Eurostat,
Poland,1970,1.1,Eurostat,
Poland,1971,1.1,Eurostat,
Poland,1972,1.1,Eurostat,
Poland,1973,1.2,Eurostat,
Poland,1974,1.2,Eurostat,
Poland,1975,1.2,Eurostat,
Poland,1976,1.1,Eurostat,
Poland,1977,1.2,Eurostat,
Poland,1978,1,Eurostat,
Poland,1979,1.1,Eurostat,
Poland,1980,1.1,Eurostat,
Poland,1981,1.1,Eurostat,
Poland,1982,1.3,Eurostat,
Poland,1983,1.3,Eurostat,
Poland,1984,1.4,Eurostat,
Poland,1985,1.3,Eurostat,
Poland,1986,1.4,Eurostat,
Poland,1987,1.3,Eurostat,
Poland,1988,1.3,Eurostat,
Poland,1989,1.2,Eurostat,
Poland,1990,1.1,Eurostat,
Poland,1991,0.89999998,Eurostat,
Poland,1992,0.80000001,Eurostat,
Poland,1993,0.69999999,Eurostat,
Poland,1994,0.80000001,Eurostat,
Poland,1995,1,Eurostat,
Poland,1996,1,Eurostat,
Poland,1997,1.1,Eurostat,
Poland,1998,1.2,Eurostat,
Poland,1999,1.1,Eurostat,
Poland,2000,1.1,Eurostat,
Poland,2001,1.2,Eurostat,
Poland,2002,1.2,Eurostat,
Poland,2003,1.3,Eurostat,
Poland,2004,1.5,Eurostat,
Poland,2005,1.8,Eurostat,
Poland,2006,1.9,Eurostat,
Poland,2007,1.7,Eurostat,
Poland,2008,1.7,Eurostat,
Poland,2009,1.7,Eurostat,
Poland,2010,1.6,Eurostat,
Poland,2011,1.7,Eurostat,
Poland,2012,1.7,Eurostat,
Poland,2013,1.7,Eurostat,
Poland,2014,1.7,Eurostat,
Poland,2015,1.8,Eurostat,
Poland,2016,1.7,Eurostat,
Poland,2017,1.7,Eurostat,
Portugal,1960,0.1,Eurostat,
Portugal,1961,0.1,Eurostat,
Portugal,1962,0.1,Eurostat,
Portugal,1963,0.1,Eurostat,
Portugal,1964,0.1,Eurostat,
Portugal,1965,0.1,Eurostat,
Portugal,1966,0.1,Eurostat,
Portugal,1967,0.1,Eurostat,
Portugal,1968,0.1,Eurostat,
Portugal,1969,0.1,Eurostat,
Portugal,1970,0.1,Eurostat,
Portugal,1971,0.1,Eurostat,
Portugal,1972,0.1,Eurostat,
Portugal,1973,0.1,Eurostat,
Portugal,1974,0.1,Eurostat,
Portugal,1975,0.2,Eurostat,
Portugal,1976,0.5,Eurostat,
Portugal,1977,0.80000001,Eurostat,
Portugal,1978,0.69999999,Eurostat,
Portugal,1979,0.60000002,Eurostat,
Portugal,1980,0.60000002,Eurostat,
Portugal,1981,0.69999999,Eurostat,
Portugal,1982,0.69999999,Eurostat,
Portugal,1983,0.80000001,Eurostat,
Portugal,1984,0.69999999,Eurostat,
Portugal,1985,0.89999998,Eurostat,
Portugal,1986,0.80000001,Eurostat,
Portugal,1987,0.89999998,Eurostat,
Portugal,1988,0.89999998,Eurostat,
Portugal,1989,1,Eurostat,
Portugal,1990,0.89999998,Eurostat,
Portugal,1991,1.1,Eurostat,
Portugal,1992,1.2,Eurostat,
Portugal,1993,1.2,Eurostat,
Portugal,1994,1.4,Eurostat,
Portugal,1995,1.2,Eurostat,
Portugal,1996,1.3,Eurostat,
Portugal,1997,1.4,Eurostat,
Portugal,1998,1.5,Eurostat,
Portugal,1999,1.7,Eurostat,
Portugal,2000,1.9,Eurostat,
Portugal,2001,1.8,Eurostat,
Portugal,2002,2.7,Eurostat,
Portugal,2003,2.2,Eurostat,
Portugal,2004,2.2,Eurostat,
Portugal,2005,2.2,Eurostat,
Portugal,2006,2.3,Eurostat,
Portugal,2007,2.4000001,Eurostat,
Portugal,2008,2.5,Eurostat,
Portugal,2009,2.5,Eurostat,
Portugal,2010,2.5999999,Eurostat,
Portugal,2011,2.5,Eurostat,
Portugal,2012,2.4000001,Eurostat,
Portugal,2013,2.2,Eurostat,
Portugal,2014,2.0999999,Eurostat,
Portugal,2015,2.3,Eurostat,
Portugal,2016,2.2,Eurostat,
Portugal,2017,2.0999999,Eurostat,
Romania,1960,2,Eurostat,
Romania,1961,1.8,Eurostat,
Romania,1962,2,Eurostat,
Romania,1963,1.9,Eurostat,
Romania,1964,1.9,Eurostat,
Romania,1965,1.9,Eurostat,
Romania,1966,1.3,Eurostat,
Romania,1968,0.2,Eurostat,
Romania,1969,0.30000001,Eurostat,
Romania,1970,0.40000001,Eurostat,
Romania,1971,0.5,Eurostat,
Romania,1972,0.5,Eurostat,
Romania,1973,0.69999999,Eurostat,
Romania,1974,0.89999998,Eurostat,
Romania,1975,1.6,Eurostat,
Romania,1976,1.7,Eurostat,
Romania,1977,1.2,Eurostat,
Romania,1978,1.5,Eurostat,
Romania,1979,1.6,Eurostat,
Romania,1980,1.5,Eurostat,
Romania,1981,1.5,Eurostat,
Romania,1982,1.5,Eurostat,
Romania,1983,1.5,Eurostat,
Romania,1984,1.5,Eurostat,
Romania,1985,1.4,Eurostat,
Romania,1986,1.5,Eurostat,
Romania,1987,1.5,Eurostat,
Romania,1988,1.6,Eurostat,
Romania,1989,1.6,Eurostat,
Romania,1990,1.4,Eurostat,
Romania,1991,1.6,Eurostat,
Romania,1992,1.3,Eurostat,
Romania,1993,1.4,Eurostat,
Romania,1994,1.7,Eurostat,
Romania,1995,1.5,Eurostat,
Romania,1996,1.6,Eurostat,
Romania,1997,1.5,Eurostat,
Romania,1998,1.8,Eurostat,
Romania,1999,1.5,Eurostat,
Romania,2000,1.4,Eurostat,
Romania,2001,1.4,Eurostat,
Romania,2002,1.5,Eurostat,
Romania,2003,1.5,Eurostat,
Romania,2004,1.6,Eurostat,
Romania,2005,1.6,Eurostat,
Romania,2006,1.5,Eurostat,
Romania,2007,1.7,Eurostat,
Romania,2008,1.7,Eurostat,
Romania,2009,1.6,Eurostat,
Romania,2010,1.6,Eurostat,
Romania,2011,1.8,Eurostat,
Romania,2012,1.6,Eurostat,
Romania,2013,1.4,Eurostat,
Romania,2014,1.4,Eurostat,
Romania,2015,1.6,Eurostat,
Romania,2016,1.5,Eurostat,
Romania,2017,1.6,Eurostat,
San Marino,1982,0.2,Eurostat,
San Marino,1985,0.1,Eurostat,
San Marino,1995,1.1,Eurostat,
San Marino,2004,2.0999999,Eurostat,
San Marino,2005,2,Eurostat,
San Marino,2006,2.8,Eurostat,
San Marino,2007,2.0999999,Eurostat,
San Marino,2008,2.2,Eurostat,
San Marino,2011,2.5,Eurostat,
San Marino,2012,1.5,Eurostat,
Serbia,1970,1.1,Eurostat,
Serbia,1985,1.2,Eurostat,
Serbia,1996,0.69999999,Eurostat,
Serbia,2005,1,Eurostat,
Serbia,2006,1.1,Eurostat,
Serbia,2007,1.2,Eurostat,
Serbia,2008,1.2,Eurostat,
Serbia,2009,1.2,Eurostat,
Serbia,2010,0.89999998,Eurostat,
Serbia,2011,1.1,Eurostat,
Serbia,2012,1,Eurostat,
Serbia,2013,1.1,Eurostat,
Serbia,2014,1.1,Eurostat,
Serbia,2015,1.3,Eurostat,
Serbia,2016,1.3,Eurostat,
Serbia,2017,1.3,Eurostat,
Slovakia,1960,0.60000002,Eurostat,
Slovakia,1961,0.60000002,Eurostat,
Slovakia,1962,0.60000002,Eurostat,
Slovakia,1963,0.5,Eurostat,
Slovakia,1964,0.5,Eurostat,
Slovakia,1965,0.60000002,Eurostat,
Slovakia,1966,0.60000002,Eurostat,
Slovakia,1967,0.60000002,Eurostat,
Slovakia,1968,0.69999999,Eurostat,
Slovakia,1969,0.69999999,Eurostat,
Slovakia,1970,0.80000001,Eurostat,
Slovakia,1971,1,Eurostat,
Slovakia,1972,0.89999998,Eurostat,
Slovakia,1973,0.89999998,Eurostat,
Slovakia,1974,1.2,Eurostat,
Slovakia,1975,1.3,Eurostat,
Slovakia,1976,1.3,Eurostat,
Slovakia,1977,1.2,Eurostat,
Slovakia,1978,1.3,Eurostat,
Slovakia,1979,1.2,Eurostat,
Slovakia,1980,1.3,Eurostat,
Slovakia,1981,1.4,Eurostat,
Slovakia,1982,1.3,Eurostat,
Slovakia,1983,1.4,Eurostat,
Slovakia,1984,1.3,Eurostat,
Slovakia,1985,1.5,Eurostat,
Slovakia,1986,1.6,Eurostat,
Slovakia,1987,1.6,Eurostat,
Slovakia,1988,1.6,Eurostat,
Slovakia,1989,1.6,Eurostat,
Slovakia,1990,1.7,Eurostat,
Slovakia,1991,1.5,Eurostat,
Slovakia,1992,1.5,Eurostat,
Slovakia,1993,1.5,Eurostat,
Slovakia,1994,1.6,Eurostat,
Slovakia,1995,1.7,Eurostat,
Slovakia,1996,1.7,Eurostat,
Slovakia,1997,1.7,Eurostat,
Slovakia,1998,1.7,Eurostat,
Slovakia,1999,1.8,Eurostat,
Slovakia,2000,1.7,Eurostat,
Slovakia,2001,1.8,Eurostat,
Slovakia,2002,2,Eurostat,
Slovakia,2003,2,Eurostat,
Slovakia,2004,2,Eurostat,
Slovakia,2005,2.2,Eurostat,
Slovakia,2006,2.4000001,Eurostat,
Slovakia,2007,2.3,Eurostat,
Slovakia,2008,2.4000001,Eurostat,
Slovakia,2009,2.4000001,Eurostat,
Slovakia,2010,2.2,Eurostat,
Slovakia,2011,2.0999999,Eurostat,
Slovakia,2012,2,Eurostat,
Slovakia,2013,2,Eurostat,
Slovakia,2014,1.9,Eurostat,
Slovakia,2015,1.8,Eurostat,
Slovakia,2016,1.7,Eurostat,
Slovakia,2017,1.8,Eurostat,
Slovenia,1960,1,Eurostat,
Slovenia,1961,1,Eurostat,
Slovenia,1962,1,Eurostat,
Slovenia,1963,1,Eurostat,
Slovenia,1964,1,Eurostat,
Slovenia,1965,1.1,Eurostat,
Slovenia,1966,1.1,Eurostat,
Slovenia,1967,1.2,Eurostat,
Slovenia,1968,1.2,Eurostat,
Slovenia,1969,1.2,Eurostat,
Slovenia,1970,1.1,Eurostat,
Slovenia,1971,1.1,Eurostat,
Slovenia,1972,1.1,Eurostat,
Slovenia,1973,1.2,Eurostat,
Slovenia,1974,1.2,Eurostat,
Slovenia,1975,1.2,Eurostat,
Slovenia,1976,1.2,Eurostat,
Slovenia,1977,1.3,Eurostat,
Slovenia,1978,1.4,Eurostat,
Slovenia,1979,1.2,Eurostat,
Slovenia,1980,1.2,Eurostat,
Slovenia,1981,1.3,Eurostat,
Slovenia,1982,1.3,Eurostat,
Slovenia,1983,1.4,Eurostat,
Slovenia,1984,1.3,Eurostat,
Slovenia,1985,1.3,Eurostat,
Slovenia,1986,1.2,Eurostat,
Slovenia,1987,1.1,Eurostat,
Slovenia,1988,1,Eurostat,
Slovenia,1989,1.1,Eurostat,
Slovenia,1990,0.89999998,Eurostat,
Slovenia,1991,0.89999998,Eurostat,
Slovenia,1992,1,Eurostat,
Slovenia,1993,1,Eurostat,
Slovenia,1994,1,Eurostat,
Slovenia,1995,0.80000001,Eurostat,
Slovenia,1996,1,Eurostat,
Slovenia,1997,1,Eurostat,
Slovenia,1998,1,Eurostat,
Slovenia,1999,1,Eurostat,
Slovenia,2000,1.1,Eurostat,
Slovenia,2001,1.1,Eurostat,
Slovenia,2002,1.2,Eurostat,
Slovenia,2003,1.2,Eurostat,
Slovenia,2004,1.2,Eurostat,
Slovenia,2005,1.3,Eurostat,
Slovenia,2006,1.2,Eurostat,
Slovenia,2007,1.3,Eurostat,
Slovenia,2008,1.1,Eurostat,
Slovenia,2009,1.1,Eurostat,
Slovenia,2010,1.2,Eurostat,
Slovenia,2011,1.1,Eurostat,
Slovenia,2012,1.2,Eurostat,
Slovenia,2013,1.1,Eurostat,
Slovenia,2014,1.2,Eurostat,
Slovenia,2015,1.2,Eurostat,
Slovenia,2016,1.2,Eurostat,
Slovenia,2017,1.2,Eurostat,
South Korea,1970,0.40000001,OECD,
South Korea,1971,0.30000001,OECD,
South Korea,1972,0.40000001,OECD,
South Korea,1973,0.40000001,OECD,
South Korea,1974,0.40000001,OECD,
South Korea,1975,0.5,OECD,
South Korea,1976,0.5,OECD,
South Korea,1977,0.60000002,OECD,
South Korea,1978,0.5,OECD,
South Korea,1979,0.5,OECD,
South Korea,1980,0.60000002,OECD,
South Korea,1981,0.60000002,OECD,
South Korea,1982,0.69999999,OECD,
South Korea,1983,0.69999999,OECD,
South Korea,1984,0.89999998,OECD,
South Korea,1985,0.89999998,OECD,
South Korea,1986,0.89999998,OECD,
South Korea,1987,1,OECD,
South Korea,1988,1,OECD,
South Korea,1989,1,OECD,
South Korea,1990,1.1,OECD,
South Korea,1991,1.1,OECD,
South Korea,1992,1.2,OECD,
South Korea,1993,1.3,OECD,
South Korea,1994,1.4,OECD,
South Korea,1995,1.5,OECD,
South Korea,1996,1.7,OECD,
South Korea,1997,2,OECD,
South Korea,1998,2.5,OECD,
South Korea,1999,2.5,OECD,
South Korea,2000,2.5,OECD,
South Korea,2001,2.8,OECD,
South Korea,2002,3,OECD,
South Korea,2003,3.4000001,OECD,
South Korea,2004,2.9000001,OECD,
South Korea,2005,2.5999999,OECD,
South Korea,2006,2.5,OECD,
South Korea,2007,2.5,OECD,
South Korea,2008,2.4000001,OECD,
South Korea,2009,2.5,OECD,
South Korea,2010,2.3,OECD,
South Korea,2011,2.3,OECD,
South Korea,2012,2.3,OECD,
South Korea,2013,2.3,OECD,
South Korea,2014,2.3,OECD,
South Korea,2015,2.0999999,OECD,
South Korea,2016,2.0999999,OECD,
South Korea,2017,2.0999999,OECD,
Spain,1981,0.30000001,Eurostat,
Spain,1982,0.60000002,Eurostat,
Spain,1983,0.5,Eurostat,
Spain,1984,0.5,Eurostat,
Spain,1985,0.5,Eurostat,
Spain,1986,0.5,Eurostat,
Spain,1987,0.5,Eurostat,
Spain,1988,0.60000002,Eurostat,
Spain,1989,0.60000002,Eurostat,
Spain,1990,0.60000002,Eurostat,
Spain,1991,0.69999999,Eurostat,
Spain,1992,0.69999999,Eurostat,
Spain,1993,0.69999999,Eurostat,
Spain,1994,0.80000001,Eurostat,
Spain,1995,0.80000001,Eurostat,
Spain,1996,0.80000001,Eurostat,
Spain,1997,0.89999998,Eurostat,
Spain,1998,0.89999998,Eurostat,
Spain,1999,0.89999998,Eurostat,
Spain,2000,0.89999998,Eurostat,
Spain,2001,1,Eurostat,
Spain,2002,1,Eurostat,
Spain,2003,1.1,Eurostat,
Spain,2004,1.2,Eurostat,
Spain,2005,1.7,Eurostat,
Spain,2006,2.9000001,Eurostat,
Spain,2007,2.8,Eurostat,
Spain,2008,2.4000001,Eurostat,
Spain,2009,2.0999999,Eurostat,
Spain,2010,2.2,Eurostat,
Spain,2011,2.2,Eurostat,
Spain,2012,2.2,Eurostat,
Spain,2013,2,Eurostat,
Spain,2014,2.2,Eurostat,
Spain,2015,2.0999999,Eurostat,
Spain,2016,2.0999999,Eurostat,
Spain,2017,2.0999999,Eurostat,
Sweden,1960,1.2,Eurostat,
Sweden,1961,1.2,Eurostat,
Sweden,1962,1.2,Eurostat,
Sweden,1963,1.1,Eurostat,
Sweden,1964,1.2,Eurostat,
Sweden,1965,1.2,Eurostat,
Sweden,1966,1.3,Eurostat,
Sweden,1967,1.4,Eurostat,
Sweden,1968,1.4,Eurostat,
Sweden,1969,1.5,Eurostat,
Sweden,1970,1.6,Eurostat,
Sweden,1971,1.7,Eurostat,
Sweden,1972,1.9,Eurostat,
Sweden,1973,2,Eurostat,
Sweden,1974,3.3,Eurostat,
Sweden,1975,3.0999999,Eurostat,
Sweden,1976,2.5999999,Eurostat,
Sweden,1977,2.5,Eurostat,
Sweden,1978,2.5,Eurostat,
Sweden,1979,2.5,Eurostat,
Sweden,1980,2.4000001,Eurostat,
Sweden,1981,2.4000001,Eurostat,
Sweden,1982,2.5,Eurostat,
Sweden,1983,2.5,Eurostat,
Sweden,1984,2.4000001,Eurostat,
Sweden,1985,2.4000001,Eurostat,
Sweden,1986,2.3,Eurostat,
Sweden,1987,2.2,Eurostat,
Sweden,1988,2.0999999,Eurostat,
Sweden,1989,2.2,Eurostat,
Sweden,1990,2.3,Eurostat,
Sweden,1991,2.3,Eurostat,
Sweden,1992,2.5,Eurostat,
Sweden,1993,2.5,Eurostat,
Sweden,1994,2.5,Eurostat,
Sweden,1995,2.5999999,Eurostat,
Sweden,1996,2.4000001,Eurostat,
Sweden,1997,2.4000001,Eurostat,
Sweden,1998,2.3,Eurostat,
Sweden,1999,2.4000001,Eurostat,
Sweden,2000,2.4000001,Eurostat,
Sweden,2001,2.4000001,Eurostat,
Sweden,2002,2.4000001,Eurostat,
Sweden,2003,2.4000001,Eurostat,
Sweden,2004,2.2,Eurostat,
Sweden,2005,2.2,Eurostat,
Sweden,2006,2.2,Eurostat,
Sweden,2007,2.3,Eurostat,
Sweden,2008,2.3,Eurostat,
Sweden,2009,2.4000001,Eurostat,
Sweden,2010,2.5,Eurostat,
Sweden,2011,2.5,Eurostat,
Sweden,2012,2.5,Eurostat,
Sweden,2013,2.8,Eurostat,
Sweden,2014,2.7,Eurostat,
Sweden,2015,2.5,Eurostat,
Sweden,2016,2.4000001,Eurostat,
Sweden,2017,2.4000001,Eurostat,
Switzerland,1960,0.89999998,Eurostat,
Switzerland,1961,0.89999998,Eurostat,
Switzerland,1962,0.80000001,Eurostat,
Switzerland,1963,0.80000001,Eurostat,
Switzerland,1964,0.80000001,Eurostat,
Switzerland,1965,0.80000001,Eurostat,
Switzerland,1966,0.80000001,Eurostat,
Switzerland,1967,0.89999998,Eurostat,
Switzerland,1968,0.89999998,Eurostat,
Switzerland,1969,1,Eurostat,
Switzerland,1970,1,Eurostat,
Switzerland,1971,1.1,Eurostat,
Switzerland,1972,1.2,Eurostat,
Switzerland,1973,1.3,Eurostat,
Switzerland,1974,1.3,Eurostat,
Switzerland,1975,1.4,Eurostat,
Switzerland,1976,1.5,Eurostat,
Switzerland,1977,1.7,Eurostat,
Switzerland,1978,1.7,Eurostat,
Switzerland,1979,1.7,Eurostat,
Switzerland,1980,1.7,Eurostat,
Switzerland,1981,1.8,Eurostat,
Switzerland,1982,1.8,Eurostat,
Switzerland,1983,1.8,Eurostat,
Switzerland,1984,1.7,Eurostat,
Switzerland,1985,1.8,Eurostat,
Switzerland,1986,1.8,Eurostat,
Switzerland,1987,1.8,Eurostat,
Switzerland,1988,1.9,Eurostat,
Switzerland,1989,1.9,Eurostat,
Switzerland,1990,2,Eurostat,
Switzerland,1991,2,Eurostat,
Switzerland,1992,2.0999999,Eurostat,
Switzerland,1993,2.2,Eurostat,
Switzerland,1994,2.2,Eurostat,
Switzerland,1995,2.2,Eurostat,
Switzerland,1996,2.3,Eurostat,
Switzerland,1997,2.4000001,Eurostat,
Switzerland,1998,2.5,Eurostat,
Switzerland,1999,2.9000001,Eurostat,
Switzerland,2000,1.5,Eurostat,
Switzerland,2001,2.2,Eurostat,
Switzerland,2002,2.2,Eurostat,
Switzerland,2003,2.3,Eurostat,
Switzerland,2004,2.4000001,Eurostat,
Switzerland,2005,2.9000001,Eurostat,
Switzerland,2006,2.8,Eurostat,
Switzerland,2007,2.5999999,Eurostat,
Switzerland,2008,2.5999999,Eurostat,
Switzerland,2009,2.5,Eurostat,
Switzerland,2010,2.8,Eurostat,
Switzerland,2011,2.2,Eurostat,
Switzerland,2012,2.2,Eurostat,
Switzerland,2013,2.0999999,Eurostat,
Switzerland,2014,2,Eurostat,
Switzerland,2015,2.0999999,Eurostat,
Switzerland,2016,2,Eurostat,
Switzerland,2017,1.9,Eurostat,
Turkey,1970,0.30000001,Eurostat,
Turkey,1985,0.40000001,Eurostat,
Turkey,1995,0.5,Eurostat,
Turkey,2003,0.80000001,Eurostat,
Turkey,2004,1.3,Eurostat,
Turkey,2005,1.4,Eurostat,
Turkey,2006,1.3,Eurostat,
Turkey,2007,1.3,Eurostat,
Turkey,2008,1.4,Eurostat,
Turkey,2009,1.6,Eurostat,
Turkey,2010,1.6,Eurostat,
Turkey,2011,1.6,Eurostat,
Turkey,2012,1.6,Eurostat,
Turkey,2013,1.6,Eurostat,
Turkey,2014,1.7,Eurostat,
Turkey,2015,1.7,Eurostat,
Turkey,2016,1.6,Eurostat,
Turkey,2017,1.6,Eurostat,
Ukraine,1970,2.9000001,Eurostat,
Ukraine,1985,3.5999999,Eurostat,
Ukraine,1995,3.9000001,Eurostat,
Ukraine,2004,3.7,Eurostat,
Ukraine,2005,3.9000001,Eurostat,
Ukraine,2006,3.8,Eurostat,
Ukraine,2007,3.8,Eurostat,
Ukraine,2008,5.3000002,Eurostat,
Ukraine,2009,3.2,Eurostat,
Ukraine,2010,2.8,Eurostat,
Ukraine,2011,1.4,Eurostat,
Ukraine,2012,1.1,Eurostat,
Ukraine,2015,3,Eurostat,
Ukraine,2016,3.0999999,Eurostat,
Ukraine,2017,3,Eurostat,
United Kingdom,1965,0.69999999,Eurostat,
United Kingdom,1966,0.69999999,Eurostat,
United Kingdom,1967,0.80000001,Eurostat,
United Kingdom,1968,0.80000001,Eurostat,
United Kingdom,1969,0.89999998,Eurostat,
United Kingdom,1970,1,Eurostat,
United Kingdom,1971,1.3,Eurostat,
United Kingdom,1972,2.0999999,Eurostat,
United Kingdom,1973,1.9,Eurostat,
United Kingdom,1974,2,Eurostat,
United Kingdom,1975,2.0999999,Eurostat,
United Kingdom,1976,2.3,Eurostat,
United Kingdom,1977,2.3,Eurostat,
United Kingdom,1978,2.5999999,Eurostat,
United Kingdom,1979,2.5,Eurostat,
United Kingdom,1980,2.5999999,Eurostat,
United Kingdom,1981,2.5999999,Eurostat,
United Kingdom,1982,2.5999999,Eurostat,
United Kingdom,1983,2.5999999,Eurostat,
United Kingdom,1984,2.5999999,Eurostat,
United Kingdom,1985,2.8,Eurostat,
United Kingdom,1986,2.7,Eurostat,
United Kingdom,1987,2.7,Eurostat,
United Kingdom,1988,2.7,Eurostat,
United Kingdom,1989,2.5999999,Eurostat,
United Kingdom,1990,2.7,Eurostat,
United Kingdom,1991,2.8,Eurostat,
United Kingdom,1992,2.8,Eurostat,
United Kingdom,1993,2.9000001,Eurostat,
United Kingdom,1994,2.7,Eurostat,
United Kingdom,1995,2.9000001,Eurostat,
United Kingdom,1996,3,Eurostat,
United Kingdom,1997,2.8,Eurostat,
United Kingdom,1998,2.7,Eurostat,
United Kingdom,1999,2.7,Eurostat,
United Kingdom,2000,2.5999999,Eurostat,
United Kingdom,2001,2.7,Eurostat,
United Kingdom,2002,2.7,Eurostat,
United Kingdom,2003,2.8,Eurostat,
United Kingdom,2004,2.8,Eurostat,
United Kingdom,2005,2.5999999,Eurostat,
United Kingdom,2006,2.4000001,Eurostat,
United Kingdom,2007,2.3,Eurostat,
United Kingdom,2008,2.2,Eurostat,
United Kingdom,2009,2,Eurostat,
United Kingdom,2010,2.0999999,Eurostat,
United Kingdom,2011,2.0999999,Eurostat,
United Kingdom,2012,2,Eurostat,
United Kingdom,2013,2,Eurostat,
United Kingdom,2014,1.9,Eurostat,
United Kingdom,2015,1.7,Eurostat,
United Kingdom,2016,1.8,Eurostat,
United States,1920,1.6,Carter et al (2006),
United States,1921,1.5,Carter et al (2006),
United States,1922,1.4,Carter et al (2006),
United States,1923,1.5,Carter et al (2006),
United States,1924,1.5,Carter et al (2006),
United States,1925,1.5,Carter et al (2006),
United States,1926,1.6,Carter et al (2006),
United States,1927,1.6,Carter et al (2006),
United States,1928,1.7,Carter et al (2006),
United States,1929,1.7,Carter et al (2006),
United States,1930,1.6,Carter et al (2006),
United States,1931,1.5,Carter et al (2006),
United States,1932,1.3,Carter et al (2006),
United States,1933,1.3,Carter et al (2006),
United States,1934,1.6,Carter et al (2006),
United States,1935,1.7,Carter et al (2006),
United States,1936,1.8,Carter et al (2006),
United States,1937,1.9,Carter et al (2006),
United States,1938,1.9,Carter et al (2006),
United States,1939,1.9,Carter et al (2006),
United States,1940,2,Carter et al (2006),
United States,1941,2.2,Carter et al (2006),
United States,1942,2.4000001,Carter et al (2006),
United States,1943,2.5999999,Carter et al (2006),
United States,1944,2.9000001,Carter et al (2006),
United States,1945,3.5,Carter et al (2006),
United States,1946,4.3000002,Carter et al (2006),
United States,1947,3.4000001,Carter et al (2006),
United States,1948,2.8,Carter et al (2006),
United States,1949,2.7,Carter et al (2006),
United States,1950,2.5999999,Carter et al (2006),
United States,1951,2.5,Carter et al (2006),
United States,1952,2.5,Carter et al (2006),
United States,1953,2.5,Carter et al (2006),
United States,1954,2.4000001,Carter et al (2006),
United States,1955,2.3,Carter et al (2006),
United States,1956,2.3,Carter et al (2006),
United States,1957,2.2,Carter et al (2006),
United States,1958,2.0999999,Carter et al (2006),
United States,1959,2.2,Carter et al (2006),
United States,1960,2.2,Carter et al (2006),
United States,1961,2.3,Carter et al (2006),
United States,1962,2.2,Carter et al (2006),
United States,1963,2.3,Carter et al (2006),
United States,1964,2.4000001,Carter et al (2006),
United States,1965,2.5,Carter et al (2006),
United States,1966,2.5,Carter et al (2006),
United States,1967,2.5999999,Carter et al (2006),
United States,1968,2.9000001,Carter et al (2006),
United States,1969,3.2,Carter et al (2006),
United States,1970,3.5,Carter et al (2006),
United States,1971,3.7,Carter et al (2006),
United States,1972,4,Carter et al (2006),
United States,1973,4.3000002,Carter et al (2006),
United States,1974,4.5999999,Carter et al (2006),
United States,1975,4.8000002,Carter et al (2006),
United States,1976,5,Carter et al (2006),
United States,1977,5,Carter et al (2006),
United States,1978,5.0999999,Carter et al (2006),
United States,1979,5.3000002,Carter et al (2006),
United States,1980,5.1999998,Carter et al (2006),
United States,1981,5.3000002,Carter et al (2006),
United States,1982,5,Carter et al (2006),
United States,1983,4.9000001,Carter et al (2006),
United States,1984,5,Carter et al (2006),
United States,1985,5,Carter et al (2006),
United States,1986,4.9000001,Carter et al (2006),
United States,1987,4.8000002,Carter et al (2006),
United States,1988,4.8000002,Carter et al (2006),
United States,1989,4.6999998,Carter et al (2006),
United States,1990,4.6999998,Carter et al (2006),
United States,1991,4.6999998,Carter et al (2006),
United States,1992,4.8000002,Carter et al (2006),
United States,1993,4.5999999,Carter et al (2006),
United States,1994,4.5999999,Carter et al (2006),
United States,1995,4.4000001,Carter et al (2006),
United States,1996,4.3000002,US Census Bureau (2007),
United States,1997,4.3000002,US Census Bureau (2007),
United States,1998,4.1999998,US Census Bureau (2007),
United States,1999,4.0999999,US Census Bureau (2007),
United States,2000,4.0999999,US Census Bureau (2007),
United States,2001,4,US Census Bureau (2007),
United States,2002,3.9000001,US Census Bureau (2007),
United States,2003,3.8,US Census Bureau (2007),
United States,2004,3.7,US Census Bureau (2007),
United States,2005,3.5999999,CDC,
United States,2006,3.7,CDC,
United States,2007,3.5999999,CDC,
United States,2008,3.5,CDC,
United States,2009,3.5,CDC,
United States,2010,3.5999999,CDC,
United States,2011,3.5999999,CDC,
United States,2012,3.4000001,CDC,
United States,2013,3.3,CDC,
United States,2014,3.2,CDC,
United States,2015,3.0999999,CDC,
United States,2016,3,CDC,
United States,2017,2.9000001,CDC,
United States,2018,2.9000001,CDC,
Algeria,1963,0.40000001,UN,"1, 4, 18"
American Samoa,1970,0.89999998,UN,N/A
American Samoa,1987,1.1,UN,N/A
American Samoa,1993,0.5,UN,N/A
American Samoa,2005,1.3,UN,7
American Samoa,2006,1.3,UN,7
Angola,1970,0,UN,"1, 13"
Angola,1974,0,UN,"1, 13"
Anguilla,1985,0.80000001,UN,4
Anguilla,2004,1.5,UN,4
Anguilla,2005,1.6,UN,4
Antigua and Barbuda,1971,0.80000001,UN,4
Antigua and Barbuda,1985,0.60000002,UN,4
Antigua and Barbuda,1995,0.40000001,UN,4
Aruba,1974,1.9,UN,N/A
Aruba,1985,2.8,UN,N/A
Aruba,1995,3.0999999,UN,N/A
Aruba,2005,4.4000001,UN,N/A
Aruba,2006,5.0999999,UN,N/A
Bahamas,1975,0.5,UN,N/A
Bahamas,1985,1.5,UN,11
Bahamas,1995,1.3,UN,11
Bahamas,2005,2.0999999,UN,N/A
Bahamas,2006,2.0999999,UN,N/A
Bahrain,1976,1.3,UN,2
Bahrain,1985,1.1,UN,2
Bahrain,1995,1.2,UN,2
Bahrain,2005,1.5,UN,2
Bahrain,2006,1.5,UN,2
Barbados,1970,0.40000001,UN,N/A
Barbados,1985,1.2,UN,N/A
Barbados,1995,1.5,UN,N/A
Belize,1968,0.1,UN,4
Belize,1985,0.40000001,UN,4
Belize,1995,0.60000002,UN,4
Belize,2001,0.1,UN,4
Belize,2002,0.2,UN,4
Bermuda,1970,2.7,UN,N/A
Bermuda,1985,3.7,UN,N/A
Bermuda,1995,3.7,UN,N/A
Bermuda,2005,3.4000001,UN,N/A
Bermuda,2006,2.8,UN,N/A
Botswana,2001,6.9000001,UN,N/A
Brazil,1985,0.30000001,UN,2
Brazil,1995,0.60000002,UN,"2, 29"
Brazil,2005,0.80000001,UN,"2, 29"
Brazil,2006,0.89999998,UN,"2, 29"
British Virgin Islands,1971,0.30000001,UN,N/A
British Virgin Islands,1985,1.2,UN,N/A
British Virgin Islands,1997,1.6,UN,N/A
British Virgin Islands,2003,3.5999999,UN,N/A
British Virgin Islands,2004,2.8,UN,N/A
Brunei,1970,0.40000001,UN,2
Brunei,1985,0.69999999,UN,2
Brunei,1996,1.2,UN,2
Brunei,2003,1,UN,2
Brunei,2004,1.1,UN,2
Cape Verde,1970,0.1,UN,1
Cayman Islands,1970,2.0999999,UN,N/A
Cayman Islands,1989,3,UN,N/A
Cayman Islands,1994,2.2,UN,N/A
Cayman Islands,2005,3,UN,4
Cayman Islands,2006,3,UN,4
Channel Islands,1971,1.5,UN,N/A
Channel Islands,1985,2.4000001,UN,N/A
Channel Islands,1995,3.0999999,UN,N/A
Channel Islands,1999,2.9000001,UN,N/A
Channel Islands,2000,3,UN,N/A
China,1978,0.30000001,UN,4
China,1985,0.40000001,UN,4
China,1995,0.89999998,UN,4
China,2005,1.4,UN,4
China,2006,1.5,UN,N/A
Hong Kong,1985,0.80000001,UN,2
Hong Kong,1995,1.5,UN,2
Hong Kong,2005,2.2,UN,2
Hong Kong,2006,2.5,UN,2
Macao,1970,0,UN,N/A
Macao,1985,0.1,UN,N/A
Macao,1995,0.60000002,UN,N/A
Macao,2005,1.2,UN,N/A
Macao,2006,1.2,UN,N/A
Colombia,1993,0.1,UN,2
Colombia,1994,0.1,UN,2
Colombia,2006,0.1,UN,N/A
Colombia,2007,0.2,UN,N/A
Comoros,1964,1.1,UN,1
Cook Islands,1971,0.69999999,UN,31
Cook Islands,1976,0.40000001,UN,31
Cuba,1970,2.9000001,UN,N/A
Cuba,1985,2.9000001,UN,N/A
Cuba,1995,3.7,UN,N/A
Cuba,2005,3.0999999,UN,N/A
Cuba,2006,3.2,UN,N/A
Cote d'Ivoire,1998,3.4000001,UN,2
Djibouti,1970,4.0999999,UN,N/A
Djibouti,1998,1.9,UN,"2, 21"
Djibouti,1999,1.7,UN,"2, 21"
Dominica,1987,0.40000001,UN,4
Dominica,1995,0.69999999,UN,4
Dominica,1998,1,UN,4
Dominica,1999,0.80000001,UN,4
Dominican Republic,1970,0.89999998,UN,4
Dominican Republic,1985,1.2,UN,4
Dominican Republic,1998,0.89999998,UN,4
Dominican Republic,2004,1.9,UN,4
Dominican Republic,2005,1.8,UN,4
Ecuador,1970,0.2,UN,"2, 33"
Ecuador,1985,0.40000001,UN,"2, 33"
Ecuador,1995,0.60000002,UN,"2, 33"
Ecuador,2005,0.89999998,UN,"2, 4, 33"
Ecuador,2006,1.1,UN,"2, 4, 33"
Egypt,1970,2,UN,1
Egypt,1985,1.6,UN,1
Egypt,1995,1.1,UN,"1, 14"
Egypt,2005,0.89999998,UN,"1, 14"
Egypt,2006,0.89999998,UN,"1, 14"
El Salvador,1970,0.2,UN,2
El Salvador,1985,0.40000001,UN,2
El Salvador,1995,0.40000001,UN,2
El Salvador,2005,0.69999999,UN,2
El Salvador,2006,0.80000001,UN,2
Ethiopia,1999,2.4000001,UN,2
Faeroe Islands,1970,0.40000001,UN,N/A
Faeroe Islands,1985,0.69999999,UN,N/A
Faeroe Islands,1996,0.69999999,UN,N/A
Faeroe Islands,2005,1.4,UN,N/A
Faeroe Islands,2006,1.3,UN,N/A
Falkland Islands,1971,3.5,UN,4
Falkland Islands,1988,2.0999999,UN,4
Fiji,1970,0.5,UN,4
Fiji,1979,0.69999999,UN,N/A
French Guiana,1970,0.2,UN,N/A
French Guiana,1985,0.60000002,UN,2
French Guiana,1995,0.69999999,UN,N/A
French Guiana,2004,1.2,UN,N/A
French Guiana,2005,1.3,UN,N/A
French Polynesia,1969,1.2,UN,N/A
Gibraltar,1970,0.2,UN,N/A
Gibraltar,1981,3.5,UN,N/A
Gibraltar,1999,3.3,UN,N/A
Gibraltar,2005,3.4000001,UN,N/A
Gibraltar,2006,4.1999998,UN,N/A
Greenland,1973,0.69999999,UN,2
Greenland,1985,2.7,UN,2
Greenland,1993,2,UN,2
Greenland,1996,0.89999998,UN,2
Grenada,1974,0.1,UN,"2, 4"
Grenada,1997,1.3,UN,"2, 4"
Grenada,2000,1,UN,"2, 4"
Grenada,2001,1.1,UN,"2, 4"
Guadeloupe,1970,0.40000001,UN,N/A
Guadeloupe,1985,1.1,UN,N/A
Guadeloupe,1997,1.4,UN,N/A
Guadeloupe,2004,1.7,UN,N/A
Guadeloupe,2005,2.0999999,UN,N/A
Guam,1970,1,UN,47
Guam,1985,7.4000001,UN,47
Guam,1995,5.8000002,UN,N/A
Guam,2003,5.3000002,UN,N/A
Guam,2004,11.9,UN,N/A
Guatemala,1970,0.1,UN,N/A
Guatemala,1985,0.2,UN,N/A
Guatemala,1995,0.1,UN,N/A
Guatemala,2005,0.2,UN,N/A
Guatemala,2006,0.1,UN,N/A
Guinea-Bissau,1970,0,UN,1
Guyana,1965,0.69999999,UN,N/A
Honduras,1970,0.2,UN,4
Honduras,1985,0.2,UN,4
Honduras,1987,0.30000001,UN,4
Indonesia,1976,0.80000001,UN,1
Indonesia,1985,1,UN,1
Indonesia,1995,0.60000002,UN,N/A
Indonesia,2001,0.69999999,UN,N/A
Indonesia,2002,0.69999999,UN,N/A
Iran,1970,0.60000002,UN,"2, 4"
Iran,1985,0.80000001,UN,"2, 4"
Iran,1995,0.60000002,UN,"2, 4"
Iran,2005,1.2,UN,5
Iran,2006,1.3,UN,5
Iraq,1970,0.40000001,UN,1
Iraq,1981,0.1,UN,1
Iraq,1995,1.5,UN,1
Iraq,1997,1.5,UN,1
Isle of Man,1970,1.1,UN,N/A
Isle of Man,1985,2.3,UN,4
Isle of Man,1995,4.5999999,UN,4
Isle of Man,2002,5.1999998,UN,4
Isle of Man,2003,4.4000001,UN,4
Jamaica,1970,0.30000001,UN,N/A
Jamaica,1985,0.40000001,UN,N/A
Jamaica,1995,0.5,UN,N/A
Jamaica,2005,0.69999999,UN,N/A
Jamaica,2006,0.69999999,UN,N/A
Jordan,1970,0.89999998,UN,"4, 18, 46"
Jordan,1985,1.4,UN,"4, 18, 46"
Jordan,1995,1.5,UN,"4, 18, 46"
Jordan,2005,1.8,UN,"4, 18, 46"
Jordan,2006,2,UN,"4, 18, 46"
Kazakhstan,1970,1.6,UN,N/A
Kazakhstan,1985,2.5999999,UN,N/A
Kazakhstan,1995,2.5,UN,N/A
Kazakhstan,2005,2.0999999,UN,N/A
Kazakhstan,2006,2.3,UN,N/A
Kuwait,1970,1.5,UN,N/A
Kuwait,1985,1.6,UN,N/A
Kuwait,1995,2.0999999,UN,N/A
Kuwait,2005,1.7,UN,N/A
Kuwait,2006,1.5,UN,N/A
Kyrgyzstan,1970,1.2,UN,N/A
Kyrgyzstan,1985,1.7,UN,N/A
Kyrgyzstan,1995,1.3,UN,N/A
Kyrgyzstan,2005,1.2,UN,N/A
Kyrgyzstan,2006,1.3,UN,N/A
Lebanon,1970,0.60000002,UN,4
Lebanon,1990,1,UN,4
Lebanon,1995,1.1,UN,4
Lebanon,2005,1.2,UN,4
Lebanon,2006,1.1,UN,4
Libya,1970,2,UN,"1, 10"
Libya,1985,0.89999998,UN,18
Libya,1995,0.30000001,UN,18
Libya,2001,0.30000001,UN,18
Libya,2002,0.30000001,UN,18
Maldives,1975,26.4,UN,N/A
Maldives,1987,13.9,UN,N/A
Maldives,1995,11.2,UN,N/A
Maldives,2004,4,UN,2
Maldives,2005,5.9000001,UN,2
Marshall Islands,1994,0.40000001,UN,"1, 4"
Martinique,1970,0.60000002,UN,"2, 4"
Martinique,1985,1.1,UN,N/A
Martinique,1997,1.1,UN,N/A
Martinique,2000,1.4,UN,N/A
Martinique,2005,1.6,UN,N/A
Mauritius,1990,0.69999999,UN,4
Mauritius,1995,0.69999999,UN,4
Mauritius,2005,0.89999998,UN,4
Mauritius,2006,1.1,UN,4
Mongolia,1970,0.1,UN,N/A
Mongolia,1985,0.40000001,UN,N/A
Mongolia,1995,0.40000001,UN,N/A
Mongolia,2005,0.60000002,UN,N/A
Mongolia,2006,0.60000002,UN,N/A
Montserrat,1970,1.1,UN,2
Montserrat,1995,0.2,UN,2
Montserrat,1999,1,UN,2
Mozambique,1970,0,UN,1
Nauru,1967,0.30000001,UN,N/A
Netherlands Antilles,1970,1.7,UN,41
Netherlands Antilles,1987,2.5,UN,N/A
Netherlands Antilles,1995,2.7,UN,N/A
Netherlands Antilles,2005,2.9000001,UN,N/A
Netherlands Antilles,2006,2.5999999,UN,N/A
New Caledonia,1970,0.60000002,UN,N/A
New Caledonia,1985,1.1,UN,N/A
New Caledonia,1995,0.89999998,UN,N/A
New Caledonia,2002,1,UN,N/A
New Caledonia,2003,1.1,UN,N/A
Nicaragua,1975,0.2,UN,2
Nicaragua,1985,0.30000001,UN,"2, 39"
Nicaragua,1995,0.5,UN,2
Nicaragua,2004,0.5,UN,2
Nicaragua,2005,0.80000001,UN,2
Niue,1975,0.2,UN,N/A
Niue,1981,0.89999998,UN,N/A
Niue,2002,0,UN,N/A
Norfolk Island,1975,3.7,UN,N/A
North Korea,1970,0.30000001,UN,N/A
North Korea,1985,0.2,UN,N/A
North Korea,1987,0.2,UN,N/A
Northern Mariana Islands,1983,2.3,UN,1
Northern Mariana Islands,1985,1.2,UN,1
Northern Mariana Islands,2003,5.3000002,UN,"1, 20"
Palestine,1996,1.3,UN,N/A
Palestine,2005,1.1,UN,N/A
Palestine,2006,1,UN,N/A
Panama,1970,0.40000001,UN,38
Panama,1985,0.69999999,UN,N/A
Panama,1995,0.5,UN,39
Panama,2005,0.89999998,UN,39
Panama,2006,0.89999998,UN,39
Peru,1968,0.2,UN,"2, 29"
Peru,1997,0.1,UN,N/A
Peru,1998,0.1,UN,N/A
Puerto Rico,1970,3.5999999,UN,N/A
Puerto Rico,1985,4.4000001,UN,N/A
Puerto Rico,1996,3.5999999,UN,N/A
Puerto Rico,2005,4,UN,N/A
Puerto Rico,2006,4.5,UN,N/A
Qatar,1977,1.6,UN,N/A
Qatar,1985,0.80000001,UN,N/A
Qatar,1995,0.89999998,UN,N/A
Qatar,2005,0.80000001,UN,N/A
Qatar,2006,1,UN,N/A
Russia,1970,3,UN,N/A
Russia,1985,4,UN,N/A
Russia,1995,4.5,UN,N/A
Russia,2005,4.1999998,UN,N/A
Russia,2007,4.8000002,UN,N/A
Reunion,1970,0.30000001,UN,4
Reunion,1985,1.2,UN,4
Reunion,1996,1.7,UN,N/A
Reunion,2004,2,UN,N/A
Reunion,2005,2.4000001,UN,N/A
Saint Kitts and Nevis,1977,0.2,UN,"2, 4, 41"
Saint Kitts and Nevis,1995,0.5,UN,"2, 4"
Saint Kitts and Nevis,2001,0.1,UN,N/A
Saint Kitts and Nevis,2002,0.5,UN,N/A
Saint Lucia,1977,0,UN,N/A
Saint Lucia,1985,0.30000001,UN,N/A
Saint Lucia,1995,0.40000001,UN,N/A
Saint Lucia,2003,0.69999999,UN,N/A
Saint Lucia,2004,0.69999999,UN,3
Saint Vincent and the Grenadines,1973,0.5,UN,4
Saint Vincent and the Grenadines,1980,0.2,UN,4
Saint Vincent and the Grenadines,1995,0.5,UN,4
Saint Vincent and the Grenadines,2004,0.80000001,UN,4
Saint Vincent and the Grenadines,2005,0.89999998,UN,4
Saint Pierre et Miquelon,1970,0.2,UN,N/A
Saint Pierre et Miquelon,1984,0.80000001,UN,N/A
Saint Pierre et Miquelon,1996,2.0999999,UN,N/A
Samoa,1970,0.30000001,UN,4
Samoa,1983,0.60000002,UN,4
Samoa,1998,0.2,UN,1
Samoa,2004,0.2,UN,1
Samoa,2005,0.2,UN,3
Saudi Arabia,1996,0.80000001,UN,2
Saudi Arabia,2004,1.1,UN,2
Saudi Arabia,2005,1.1,UN,2
Seychelles,1970,0.2,UN,4
Seychelles,1985,0.69999999,UN,4
Seychelles,1995,1.2,UN,4
Seychelles,2005,1.7,UN,4
Seychelles,2006,1.7,UN,4
Singapore,1979,0.60000002,UN,N/A
Singapore,1985,0.69999999,UN,4
Singapore,1995,1.2,UN,4
Singapore,2005,1.5,UN,4
Singapore,2006,1.5,UN,4
South Africa,1995,0.80000001,UN,"2, 12"
South Africa,2004,0.69999999,UN,"2, 12"
South Africa,2005,0.69999999,UN,"2, 12"
Sri Lanka,1972,0.1,UN,N/A
Sri Lanka,1985,0.1,UN,"1, 4"
Sri Lanka,1988,0.2,UN,"1, 4"
Suriname,1962,0.80000001,UN,"1, 8, 36"
Suriname,1980,1.1,UN,"8, 36"
Suriname,1995,1.3,UN,N/A
Suriname,2004,1.2,UN,13
Suriname,2005,1.5,UN,13
Swaziland,1964,0,UN,2
Syria,1970,0.60000002,UN,"3, 4"
Syria,1985,0.60000002,UN,"1, 32"
Syria,1996,0.80000001,UN,"1, 32"
Syria,2005,0.89999998,UN,"1, 32"
Syria,2006,1,UN,"1, 32"
Tajikistan,1970,1.1,UN,N/A
Tajikistan,1985,1.5,UN,N/A
Tajikistan,1994,0.80000001,UN,N/A
Tajikistan,2005,0.40000001,UN,N/A
Tajikistan,2006,0.40000001,UN,N/A
Thailand,1978,0.5,UN,N/A
Thailand,1985,0.60000002,UN,2
Thailand,1995,0.89999998,UN,2
Thailand,2004,1.4,UN,N/A
Thailand,2005,1.4,UN,N/A
Tonga,1970,0.40000001,UN,N/A
Tonga,1985,0.69999999,UN,"4, 13"
Tonga,1995,0.60000002,UN,"4, 13"
Tonga,2002,1.1,UN,4
Tonga,2003,1,UN,4
Trinidad and Tobago,1970,0.40000001,UN,N/A
Trinidad and Tobago,1985,0.89999998,UN,N/A
Trinidad and Tobago,1995,0.89999998,UN,N/A
Trinidad and Tobago,2004,1.4,UN,N/A
Trinidad and Tobago,2005,2.2,UN,N/A
Tunisia,1970,0.80000001,UN,2
Tunisia,1985,0.80000001,UN,2
Tunisia,1995,0.89999998,UN,2
Tunisia,1999,0.89999998,UN,2
Turkmenistan,1970,1.2,UN,N/A
Turkmenistan,1979,1.6,UN,N/A
Turkmenistan,1985,1.5,UN,N/A
Turkmenistan,1998,1.1,UN,N/A
Turks and Caicos Islands,1976,0.60000002,UN,N/A
Turks and Caicos Islands,1983,0.5,UN,N/A
Turks and Caicos Islands,1995,0.1,UN,N/A
Turks and Caicos Islands,2005,1,UN,N/A
Turks and Caicos Islands,2006,0.89999998,UN,N/A
United Arab Emirates,1992,1,UN,2
United Arab Emirates,1995,0.89999998,UN,2
United Arab Emirates,2003,0.89999998,UN,2
United Arab Emirates,2004,0.89999998,UN,2
United States Virgin Islands,1970,4.3000002,UN,13
United States Virgin Islands,1985,3.3,UN,13
United States Virgin Islands,1993,4.4000001,UN,13
Uruguay,1970,1,UN,"4, 13"
Uruguay,1985,1.4,UN,"4, 13"
Uruguay,1995,1.8,UN,4
Uruguay,2003,4.1999998,UN,"3, 4"
Uruguay,2004,4.4000001,UN,"3, 4"
Uzbekistan,1970,1.1,UN,N/A
Uzbekistan,1985,1.4,UN,N/A
Uzbekistan,1995,0.89999998,UN,N/A
Uzbekistan,2000,0.80000001,UN,N/A
Uzbekistan,2001,0.60000002,UN,N/A
Venezuela,1970,0.2,UN,"2, 29"
Venezuela,1985,1.2,UN,"2, 29"
Venezuela,1995,0.69999999,UN,"2, 29"
Venezuela,2005,0.80000001,UN,"2, 29"
Venezuela,2006,0.89999998,UN,"2, 29"
Vietnam,2002,0.5,UN,3
Western Sahara,1970,2.0999999,UN,19
Yemen,2001,0,UN,2
Yemen,2003,0,UN,2
